ID,Predicted
21990,1.0
6594,1.0
18525,1.0
23747,1.0
37752,1.0
15379,1.0
23237,1.0
5302,1.0
29910,1.0
5884,1.0
30121,1.0
18830,1.0
7258,1.0
39578,1.0
39356,1.0
12182,1.0
22242,1.0
23632,1.0
19671,1.0
8659,1.0
43512,1.0
9607,1.0
4996,1.0
4878,1.0
43923,1.0
42117,1.0
1232,1.0
34468,1.0
17925,1.0
42518,1.0
8937,1.0
34511,1.0
41357,1.0
4458,1.0
30489,1.0
16857,1.0
38774,1.0
12408,1.0
6144,1.0
12233,1.0
11821,1.0
23457,1.0
38715,1.0
5631,1.0
41432,1.0
5542,1.0
21413,1.0
36957,1.0
45094,1.0
29184,1.0
10658,1.0
12393,1.0
36058,1.0
22262,1.0
32332,1.0
2508,1.0
42066,1.0
19982,1.0
37212,1.0
14222,1.0
38196,1.0
23936,1.0
12220,1.0
32970,1.0
16435,1.0
15020,1.0
24143,1.0
13718,1.0
23200,1.0
24071,1.0
42775,1.0
36284,1.0
33211,1.0
21280,1.0
26261,1.0
15283,1.0
9019,1.0
38909,1.0
44407,1.0
4009,1.0
33525,1.0
41646,1.0
32844,1.0
11811,1.0
39160,1.0
13726,1.0
26796,1.0
239,1.0
33264,1.0
39379,1.0
39701,1.0
15794,1.0
6875,1.0
7020,1.0
10484,1.0
35470,1.0
2783,1.0
31159,1.0
29159,1.0
4334,1.0
36788,1.0
25953,1.0
26006,1.0
31508,1.0
37641,1.0
36412,1.0
19968,1.0
42340,1.0
35902,1.0
24811,1.0
3216,1.0
17239,1.0
36241,1.0
18998,1.0
20871,1.0
17556,1.0
15501,1.0
42469,1.0
8831,1.0
37191,1.0
12093,1.0
6791,1.0
1034,1.0
1881,1.0
38118,1.0
47548,1.0
5990,1.0
6576,1.0
35977,1.0
11674,1.0
20249,1.0
22702,1.0
24666,1.0
20653,1.0
34389,1.0
22829,1.0
8537,1.0
25004,1.0
35973,1.0
38181,1.0
43168,1.0
700,1.0
46063,1.0
23090,1.0
24530,1.0
23704,1.0
1051,1.0
43234,1.0
2282,1.0
28931,1.0
20861,1.0
39179,1.0
18466,1.0
5921,1.0
43037,1.0
6612,1.0
15865,1.0
31841,1.0
13752,1.0
36912,1.0
40138,1.0
41440,1.0
32943,1.0
14433,1.0
21665,1.0
42817,1.0
16974,1.0
2248,1.0
7047,1.0
17960,1.0
6670,1.0
1116,1.0
27307,1.0
39264,1.0
4803,1.0
42049,1.0
46322,1.0
20204,1.0
28298,1.0
37921,1.0
30583,1.0
29332,1.0
33579,1.0
1263,1.0
6613,1.0
40405,1.0
31563,1.0
26563,1.0
44672,1.0
25161,1.0
12228,1.0
35368,1.0
17055,1.0
30037,1.0
36647,1.0
9410,1.0
40760,1.0
45184,1.0
45330,1.0
4710,1.0
34047,1.0
11810,1.0
21439,1.0
9378,1.0
37414,1.0
35458,1.0
8674,1.0
16152,1.0
19263,1.0
5682,1.0
43726,1.0
7668,1.0
45192,1.0
23326,1.0
40585,1.0
15460,1.0
5300,1.0
41447,1.0
13728,1.0
47897,1.0
22857,1.0
7444,1.0
16806,1.0
8250,1.0
37022,1.0
34591,1.0
42317,1.0
37780,1.0
28230,1.0
38713,1.0
1221,1.0
12749,1.0
42663,1.0
28063,1.0
33963,1.0
23250,1.0
3647,1.0
13816,1.0
5176,1.0
9399,1.0
31124,1.0
1362,1.0
46627,1.0
40588,1.0
31704,1.0
34477,1.0
46346,1.0
25998,1.0
23092,1.0
6849,1.0
498,1.0
14652,1.0
32045,1.0
21763,1.0
11250,1.0
38904,1.0
8080,1.0
6854,1.0
41126,1.0
3850,1.0
41405,1.0
38620,1.0
22286,1.0
33778,1.0
33392,1.0
12035,1.0
22236,1.0
47188,1.0
2516,1.0
39382,1.0
20094,1.0
44878,1.0
38411,1.0
11579,1.0
569,1.0
462,1.0
20770,1.0
17928,1.0
9431,1.0
31551,1.0
46182,1.0
47884,1.0
34602,1.0
33078,1.0
22815,1.0
34795,1.0
8415,1.0
24289,1.0
15801,1.0
25473,1.0
21326,1.0
24932,1.0
26339,1.0
43797,1.0
8637,1.0
20708,1.0
11637,1.0
26260,1.0
33801,1.0
41287,1.0
736,1.0
40639,1.0
30564,1.0
46534,1.0
44392,1.0
1515,1.0
15200,1.0
5644,1.0
21121,1.0
9550,1.0
3794,1.0
28849,1.0
42822,1.0
11941,1.0
39088,1.0
10560,1.0
26787,1.0
35746,1.0
16457,1.0
9748,1.0
13988,1.0
29369,1.0
10064,1.0
11326,1.0
24673,1.0
811,1.0
28020,1.0
11445,1.0
23793,1.0
24012,1.0
12021,1.0
10938,1.0
42194,1.0
36917,1.0
24168,1.0
7534,1.0
3642,1.0
41768,1.0
38254,1.0
14118,1.0
1885,1.0
21977,1.0
30279,1.0
26094,1.0
39588,1.0
20019,1.0
21288,1.0
34661,1.0
32926,1.0
20113,1.0
550,1.0
12002,1.0
36746,1.0
21854,1.0
1870,1.0
46818,1.0
43619,1.0
28695,1.0
18170,1.0
38841,1.0
37907,1.0
36867,1.0
37094,1.0
44947,1.0
13704,1.0
42395,1.0
32734,1.0
7702,1.0
6585,1.0
36506,1.0
47832,1.0
39479,1.0
94,1.0
46605,1.0
27973,1.0
46490,1.0
42344,1.0
29413,1.0
45818,1.0
21142,1.0
38618,1.0
21097,1.0
26232,1.0
45091,1.0
14189,1.0
26350,1.0
46422,1.0
2677,1.0
21388,1.0
15456,1.0
43380,1.0
46732,1.0
27928,1.0
44535,1.0
4306,1.0
14997,1.0
32817,1.0
24712,1.0
12636,1.0
4256,1.0
24016,1.0
6507,1.0
41283,1.0
22179,1.0
34134,1.0
7681,1.0
17214,1.0
43651,1.0
4719,1.0
44175,1.0
1253,1.0
42654,1.0
15936,1.0
12099,1.0
46904,1.0
20260,1.0
42625,1.0
35335,1.0
32049,1.0
4167,1.0
8622,1.0
26315,1.0
7733,1.0
23497,1.0
7190,1.0
36858,1.0
47830,1.0
24728,1.0
17868,1.0
17220,1.0
28645,1.0
8790,1.0
13684,1.0
6745,1.0
5785,1.0
39829,1.0
17585,1.0
20377,1.0
5492,1.0
16763,1.0
8706,1.0
36747,1.0
30323,1.0
16488,1.0
11541,1.0
20791,1.0
47665,1.0
44408,1.0
40214,1.0
17246,1.0
46061,1.0
26693,1.0
4858,1.0
905,1.0
40421,1.0
7846,1.0
19275,1.0
21576,1.0
43995,1.0
41949,1.0
21754,1.0
26637,1.0
33700,1.0
6100,1.0
39759,1.0
28578,1.0
20326,1.0
32292,1.0
15624,1.0
30716,1.0
152,1.0
21676,1.0
27454,1.0
20175,1.0
18730,1.0
34471,1.0
36391,1.0
7793,1.0
25705,1.0
41386,1.0
18688,1.0
6219,1.0
5192,1.0
6933,1.0
45895,1.0
5813,1.0
21872,1.0
30185,1.0
12668,1.0
10254,1.0
35275,1.0
29852,1.0
41971,1.0
6911,1.0
32806,1.0
7628,1.0
3821,1.0
2752,1.0
36451,1.0
40647,1.0
33721,1.0
46631,1.0
23847,1.0
9211,1.0
732,1.0
35392,1.0
47176,1.0
9666,1.0
26337,1.0
16470,1.0
5639,1.0
13330,1.0
38080,1.0
15015,1.0
37883,1.0
21440,1.0
31140,1.0
39768,1.0
43771,1.0
45981,1.0
670,1.0
42565,1.0
46024,1.0
25393,1.0
6017,1.0
30363,1.0
44748,1.0
23921,1.0
4174,1.0
21275,1.0
6339,1.0
34149,1.0
13463,1.0
44724,1.0
38590,1.0
32123,1.0
2355,1.0
45017,1.0
2960,1.0
1873,1.0
42031,1.0
39543,1.0
30282,1.0
15204,1.0
13696,1.0
47344,1.0
37288,1.0
41426,1.0
11829,1.0
6383,1.0
34900,1.0
38678,1.0
6106,1.0
15301,1.0
44279,1.0
36983,1.0
21040,1.0
2772,1.0
1267,1.0
46101,1.0
32768,1.0
26372,1.0
35535,1.0
27918,1.0
10327,1.0
42216,1.0
40412,1.0
33084,1.0
3812,1.0
20787,1.0
46110,1.0
10829,1.0
23335,1.0
14764,1.0
39775,1.0
42806,1.0
29376,1.0
27855,1.0
1111,1.0
18007,1.0
25573,1.0
28672,1.0
8325,1.0
33831,1.0
39386,1.0
7517,1.0
12753,1.0
35177,1.0
41812,1.0
32830,1.0
21429,1.0
45037,1.0
47016,1.0
17683,1.0
32160,1.0
3529,1.0
22130,1.0
29601,1.0
43216,1.0
790,1.0
27235,1.0
28406,1.0
10142,1.0
16611,1.0
27919,1.0
8767,1.0
19807,1.0
45170,1.0
1637,1.0
12784,1.0
24908,1.0
1764,1.0
24338,1.0
21025,1.0
3093,1.0
14347,1.0
37896,1.0
47729,1.0
45993,1.0
41651,1.0
1634,1.0
46245,1.0
34820,1.0
31893,1.0
33464,1.0
13889,1.0
42732,1.0
4943,1.0
18085,1.0
37285,1.0
14185,1.0
8843,1.0
47599,1.0
1851,1.0
17028,1.0
382,1.0
45615,1.0
18537,1.0
383,1.0
9631,1.0
30457,1.0
41879,1.0
28201,1.0
1230,1.0
2601,1.0
43937,1.0
26111,1.0
11194,1.0
47300,1.0
14734,1.0
6063,1.0
33107,1.0
14718,1.0
19549,1.0
38557,1.0
33202,1.0
18450,1.0
41501,1.0
45893,1.0
38232,1.0
41960,1.0
19771,1.0
7823,1.0
26007,1.0
11246,1.0
40917,1.0
11155,1.0
45889,1.0
2594,1.0
39509,1.0
3322,1.0
28515,1.0
1106,1.0
14594,1.0
3442,1.0
36298,1.0
10721,1.0
2113,1.0
30520,1.0
36124,1.0
1225,1.0
19724,1.0
6689,1.0
25302,1.0
12051,1.0
47371,1.0
6648,1.0
666,1.0
28438,1.0
4337,1.0
8781,1.0
11166,1.0
17843,1.0
42176,1.0
29757,1.0
1154,1.0
20464,1.0
4335,1.0
448,1.0
45418,1.0
18766,1.0
26905,1.0
42203,1.0
33679,1.0
47941,1.0
20618,1.0
32377,1.0
33856,1.0
7007,1.0
21324,1.0
8314,1.0
45269,1.0
28928,1.0
576,1.0
47644,1.0
46672,1.0
27707,1.0
33564,1.0
30672,1.0
32442,1.0
3959,1.0
28766,1.0
126,1.0
25428,1.0
44065,1.0
509,1.0
41612,1.0
30075,1.0
43466,1.0
12452,1.0
449,1.0
7888,1.0
3621,1.0
21661,1.0
15895,1.0
1428,1.0
11169,1.0
18799,1.0
26183,1.0
8528,1.0
44560,1.0
24562,1.0
44621,1.0
32931,1.0
39549,1.0
39599,1.0
21054,1.0
25494,1.0
16377,1.0
7692,1.0
41436,1.0
46198,1.0
4593,1.0
12776,1.0
12377,1.0
23263,1.0
3370,1.0
2314,1.0
21004,1.0
33838,1.0
41935,1.0
39223,1.0
29912,1.0
12898,1.0
27066,1.0
45210,1.0
11276,1.0
3247,1.0
31007,1.0
15362,1.0
31939,1.0
44023,1.0
29685,1.0
17622,1.0
21354,1.0
39661,1.0
42800,1.0
14028,1.0
3948,1.0
38694,1.0
34787,1.0
14870,1.0
35583,1.0
24066,1.0
43429,1.0
25185,1.0
22749,1.0
24832,1.0
42440,1.0
29739,1.0
35844,1.0
5969,1.0
39584,1.0
23050,1.0
32496,1.0
29090,1.0
564,1.0
7372,1.0
6064,1.0
41368,1.0
1989,1.0
45437,1.0
8648,1.0
37688,1.0
23856,1.0
9221,1.0
8358,1.0
7061,1.0
26177,1.0
10853,1.0
11343,1.0
26821,1.0
30997,1.0
32054,1.0
40670,1.0
13681,1.0
21691,1.0
29661,1.0
10307,1.0
19412,1.0
16909,1.0
2333,1.0
34498,1.0
18335,1.0
6429,1.0
25745,1.0
3274,1.0
24735,1.0
41608,1.0
42612,1.0
22757,1.0
38335,1.0
10122,1.0
17182,1.0
21263,1.0
32486,1.0
46763,1.0
8313,1.0
13735,1.0
38864,1.0
26259,1.0
7270,1.0
8459,1.0
13261,1.0
14259,1.0
26504,1.0
34107,1.0
34091,1.0
36217,1.0
20951,1.0
3253,1.0
10341,1.0
27260,1.0
25034,1.0
21552,1.0
25648,1.0
4588,1.0
29434,1.0
10546,1.0
45813,1.0
23738,1.0
17024,1.0
23339,1.0
31254,1.0
7003,1.0
41038,1.0
30372,1.0
35037,1.0
43639,1.0
36220,1.0
47154,1.0
20831,1.0
32852,1.0
31467,1.0
39290,1.0
2719,1.0
20795,1.0
45429,1.0
18137,1.0
13687,1.0
18480,1.0
37351,1.0
37740,1.0
33980,1.0
1374,1.0
15903,1.0
5143,1.0
3741,1.0
44230,1.0
13142,1.0
10499,1.0
12747,1.0
26334,1.0
10250,1.0
44649,1.0
31790,1.0
38282,1.0
2674,1.0
8467,1.0
35006,1.0
43106,1.0
38685,1.0
41529,1.0
14774,1.0
42653,1.0
821,1.0
14867,1.0
8948,1.0
18482,1.0
796,1.0
22390,1.0
46600,1.0
29614,1.0
11295,1.0
14059,1.0
32675,1.0
29428,1.0
2798,1.0
11491,1.0
40578,1.0
29953,1.0
10857,1.0
27370,1.0
3660,1.0
11919,1.0
573,1.0
6584,1.0
342,1.0
39210,1.0
31981,1.0
22068,1.0
9876,1.0
17304,1.0
43101,1.0
369,1.0
41123,1.0
27329,1.0
5070,1.0
39412,1.0
7815,1.0
12994,1.0
14511,1.0
3953,1.0
38792,1.0
39466,1.0
12232,1.0
44573,1.0
29308,1.0
14661,1.0
38502,1.0
35654,1.0
6970,1.0
3503,1.0
38553,1.0
33102,1.0
47991,1.0
8259,1.0
44379,1.0
5798,1.0
26653,1.0
11433,1.0
35144,1.0
23443,1.0
46582,1.0
36408,1.0
36029,1.0
8347,1.0
16719,1.0
40064,1.0
25562,1.0
6330,1.0
36691,1.0
36100,1.0
41082,1.0
34587,1.0
3429,1.0
39671,1.0
30472,1.0
29330,1.0
37308,1.0
20341,1.0
7138,1.0
33575,1.0
19470,1.0
16619,1.0
1904,1.0
45205,1.0
6452,1.0
35024,1.0
24013,1.0
40685,1.0
43971,1.0
23581,1.0
40977,1.0
42365,1.0
30046,1.0
11904,1.0
6768,1.0
22447,1.0
6016,1.0
12866,1.0
42233,1.0
42189,1.0
22994,1.0
43071,1.0
45430,1.0
41249,1.0
28160,1.0
11454,1.0
41392,1.0
46471,1.0
21564,1.0
47098,1.0
40476,1.0
47325,1.0
25108,1.0
20560,1.0
3700,1.0
14249,1.0
39581,1.0
32799,1.0
8208,1.0
19776,1.0
9534,1.0
42111,1.0
19710,1.0
7974,1.0
16360,1.0
26732,1.0
33186,1.0
20045,1.0
39377,1.0
11105,1.0
44675,1.0
10930,1.0
46026,1.0
44278,1.0
34728,1.0
47624,1.0
14751,1.0
30754,1.0
33942,1.0
37342,1.0
607,1.0
16420,1.0
24925,1.0
41014,1.0
17738,1.0
27442,1.0
44524,1.0
10336,1.0
1684,1.0
2386,1.0
16918,1.0
9173,1.0
41301,1.0
6790,1.0
16939,1.0
9020,1.0
16943,1.0
11466,1.0
38526,1.0
6159,1.0
7098,1.0
47358,1.0
29854,1.0
18279,1.0
29583,1.0
25509,1.0
5640,1.0
18547,1.0
34340,1.0
8539,1.0
18520,1.0
9862,1.0
18765,1.0
28047,1.0
34950,1.0
45262,1.0
26274,1.0
30274,1.0
44267,1.0
34645,1.0
32765,1.0
42394,1.0
39895,1.0
8907,1.0
45353,1.0
26508,1.0
7529,1.0
9859,1.0
28188,1.0
31395,1.0
32176,1.0
26639,1.0
31080,1.0
24197,1.0
29905,1.0
23192,1.0
35569,1.0
47920,1.0
25851,1.0
16185,1.0
31232,1.0
27116,1.0
19014,1.0
45072,1.0
22594,1.0
18447,1.0
31481,1.0
18219,1.0
29066,1.0
12696,1.0
19757,1.0
39744,1.0
4553,1.0
4321,1.0
39275,1.0
19451,1.0
46692,1.0
10511,1.0
23837,1.0
31725,1.0
43659,1.0
36007,1.0
45395,1.0
11147,1.0
5023,1.0
14719,1.0
11800,1.0
2649,1.0
22039,1.0
23556,1.0
29148,1.0
6935,1.0
10966,1.0
43204,1.0
6561,1.0
24614,1.0
27781,1.0
10816,1.0
23148,1.0
45900,1.0
43684,1.0
5740,1.0
19898,1.0
34399,1.0
266,1.0
972,1.0
6653,1.0
44198,1.0
14106,1.0
39500,1.0
27043,1.0
13513,1.0
41063,1.0
8499,1.0
21611,1.0
36050,1.0
28049,1.0
14978,1.0
40541,1.0
17442,1.0
16706,1.0
20212,1.0
35696,1.0
10493,1.0
19155,1.0
30378,1.0
25661,1.0
47670,1.0
9071,1.0
7352,1.0
2189,1.0
44852,1.0
26201,1.0
32551,1.0
11981,1.0
26475,1.0
24191,1.0
19730,1.0
33681,1.0
3056,1.0
20208,1.0
451,1.0
2361,1.0
43128,1.0
2983,1.0
45290,1.0
24516,1.0
26026,1.0
6009,1.0
23115,1.0
19609,1.0
8583,1.0
46470,1.0
30364,1.0
47009,1.0
24201,1.0
3153,1.0
33503,1.0
13175,1.0
20254,1.0
45011,1.0
30148,1.0
6945,1.0
733,1.0
41279,1.0
31548,1.0
39774,1.0
44270,1.0
121,1.0
39803,1.0
34609,1.0
7714,1.0
147,1.0
40763,1.0
42068,1.0
26032,1.0
4482,1.0
10889,1.0
8886,1.0
16633,1.0
28907,1.0
40349,1.0
34189,1.0
29612,1.0
21036,1.0
13653,1.0
42391,1.0
20803,1.0
39363,1.0
23473,1.0
44366,1.0
32154,1.0
37930,1.0
10068,1.0
27284,1.0
25276,1.0
10284,1.0
42912,1.0
3020,1.0
11839,1.0
20262,1.0
4326,1.0
16689,1.0
40,1.0
12057,1.0
26498,1.0
16751,1.0
44614,1.0
36825,1.0
33762,1.0
32338,1.0
24717,1.0
5162,1.0
12111,1.0
37885,1.0
34986,1.0
14044,1.0
24682,1.0
34344,1.0
24477,1.0
28410,1.0
3864,1.0
9558,1.0
36891,1.0
27888,1.0
34318,1.0
39042,1.0
10275,1.0
32009,1.0
29234,1.0
26748,1.0
1686,1.0
25220,1.0
46959,1.0
6237,1.0
29069,1.0
23734,1.0
30422,1.0
17898,1.0
46374,1.0
3513,1.0
24481,1.0
24890,1.0
44405,1.0
11718,1.0
29856,1.0
37651,1.0
3807,1.0
37125,1.0
3201,1.0
42283,1.0
20355,1.0
36194,1.0
23697,1.0
40420,1.0
30261,1.0
21719,1.0
5296,1.0
36566,1.0
35819,1.0
18260,1.0
2725,1.0
20796,1.0
40579,1.0
16114,1.0
15705,1.0
22945,1.0
13377,1.0
34735,1.0
36385,1.0
30406,1.0
22149,1.0
6107,1.0
26589,1.0
20221,1.0
40522,1.0
18824,1.0
6146,1.0
20695,1.0
47586,1.0
47192,1.0
9957,1.0
22573,1.0
41887,1.0
31566,1.0
6579,1.0
20505,1.0
5091,1.0
951,1.0
11819,1.0
44914,1.0
40190,1.0
13199,1.0
31685,1.0
14331,1.0
21864,1.0
32494,1.0
46820,1.0
22813,1.0
12120,1.0
41729,1.0
34445,1.0
42503,1.0
42330,1.0
32824,1.0
30461,1.0
26612,1.0
12879,1.0
8082,1.0
33369,1.0
31212,1.0
10539,1.0
15404,1.0
29053,1.0
16295,1.0
32536,1.0
27315,1.0
38149,1.0
26376,1.0
38380,1.0
44443,1.0
5110,1.0
1847,1.0
46077,1.0
13586,1.0
34370,1.0
30441,1.0
35012,1.0
24876,1.0
6124,1.0
22394,1.0
20599,1.0
3081,1.0
21155,1.0
826,1.0
44545,1.0
79,1.0
47868,1.0
37226,1.0
29411,1.0
27812,1.0
47872,1.0
16515,1.0
10521,1.0
19797,1.0
44282,1.0
16429,1.0
27145,1.0
6034,1.0
36896,1.0
7967,1.0
14354,1.0
21748,1.0
35261,1.0
22643,1.0
12079,1.0
19456,1.0
37975,1.0
15799,1.0
30919,1.0
6181,1.0
20166,1.0
30131,1.0
20003,1.0
24148,1.0
30805,1.0
46678,1.0
39197,1.0
13685,1.0
46392,1.0
46724,1.0
4194,1.0
44049,1.0
8652,1.0
16447,1.0
6649,1.0
45647,1.0
43225,1.0
9775,1.0
356,1.0
12609,1.0
46105,1.0
1387,1.0
6250,1.0
35851,1.0
32896,1.0
15290,1.0
32381,1.0
19977,1.0
8527,1.0
43222,1.0
28158,1.0
16403,1.0
10294,1.0
40802,1.0
8469,1.0
3138,1.0
45569,1.0
12162,1.0
42356,1.0
20755,1.0
12786,1.0
41491,1.0
41251,1.0
14268,1.0
35263,1.0
30403,1.0
20101,1.0
45961,1.0
14593,1.0
27095,1.0
14080,1.0
29952,1.0
18249,1.0
7321,1.0
15316,1.0
14442,1.0
12283,1.0
40616,1.0
14924,1.0
20445,1.0
44082,1.0
37012,1.0
115,1.0
26448,1.0
44042,1.0
31627,1.0
41160,1.0
25528,1.0
9693,1.0
41910,1.0
28505,1.0
23396,1.0
46057,1.0
22155,1.0
46630,1.0
19973,1.0
25508,1.0
19541,1.0
13528,1.0
23500,1.0
40963,1.0
1869,1.0
43870,1.0
37562,1.0
25650,1.0
35480,1.0
32115,1.0
44399,1.0
23299,1.0
43446,1.0
7758,1.0
34762,1.0
2753,1.0
1718,1.0
30080,1.0
443,1.0
41842,1.0
15683,1.0
8298,1.0
38129,1.0
46649,1.0
1469,1.0
34290,1.0
31247,1.0
43938,1.0
31664,1.0
44912,1.0
42963,1.0
27160,1.0
29102,1.0
14286,1.0
22851,1.0
31942,1.0
27134,1.0
24575,1.0
41121,1.0
17717,1.0
18837,1.0
24573,1.0
20256,1.0
41570,1.0
7904,1.0
31530,1.0
35350,1.0
23027,1.0
5365,1.0
12451,1.0
37215,1.0
10218,1.0
36646,1.0
47096,1.0
30286,1.0
11689,1.0
45104,1.0
24111,1.0
6425,1.0
41421,1.0
36263,1.0
37590,1.0
29653,1.0
32928,1.0
29763,1.0
499,1.0
2226,1.0
4450,1.0
1024,1.0
21123,1.0
1283,1.0
8895,1.0
22084,1.0
9723,1.0
34804,1.0
38885,1.0
18119,1.0
37872,1.0
43588,1.0
30202,1.0
9948,1.0
23735,1.0
3257,1.0
39735,1.0
13067,1.0
13733,1.0
21946,1.0
17167,1.0
18673,1.0
12190,1.0
31477,1.0
37449,1.0
17282,1.0
4545,1.0
46930,1.0
20943,1.0
2265,1.0
29814,1.0
20235,1.0
18764,1.0
26705,1.0
35909,1.0
29338,1.0
597,1.0
27577,1.0
13824,1.0
39807,1.0
32018,1.0
26374,1.0
26544,1.0
34874,1.0
35417,1.0
46867,1.0
37165,1.0
13456,1.0
40084,1.0
31437,1.0
30182,1.0
6340,1.0
18031,1.0
272,1.0
15169,1.0
32396,1.0
43553,1.0
40106,1.0
35349,1.0
24348,1.0
13149,1.0
27535,1.0
12608,1.0
7660,1.0
38688,1.0
30267,1.0
22814,1.0
38627,1.0
12165,1.0
16099,1.0
11895,1.0
43933,1.0
14320,1.0
35427,1.0
35225,1.0
43705,1.0
20035,1.0
42551,1.0
17452,1.0
24006,1.0
40532,1.0
17807,1.0
11925,1.0
36249,1.0
8972,1.0
27027,1.0
34889,1.0
33092,1.0
37529,1.0
13469,1.0
31391,1.0
43499,1.0
16261,1.0
18763,1.0
41709,1.0
5015,1.0
5689,1.0
47635,1.0
16179,1.0
7200,1.0
32024,1.0
45029,1.0
42374,1.0
30851,1.0
43305,1.0
4336,1.0
5519,1.0
2811,1.0
28521,1.0
22633,1.0
33562,1.0
31861,1.0
37471,1.0
22714,1.0
26963,1.0
36242,1.0
21261,1.0
44859,1.0
10613,1.0
20824,1.0
29380,1.0
46663,1.0
26644,1.0
31906,1.0
6968,1.0
3702,1.0
11751,1.0
41624,1.0
11633,1.0
25047,1.0
10107,1.0
41238,1.0
35462,1.0
450,1.0
18867,1.0
3195,1.0
10517,1.0
25556,1.0
24545,1.0
13729,1.0
31956,1.0
38722,1.0
6297,1.0
24513,1.0
29655,1.0
17306,1.0
31332,1.0
4674,1.0
27017,1.0
14737,1.0
12729,1.0
42825,1.0
842,1.0
31335,1.0
34089,1.0
16685,1.0
42807,1.0
39336,1.0
65,1.0
34276,1.0
12191,1.0
40472,1.0
34565,1.0
6891,1.0
41941,1.0
7281,1.0
7609,1.0
27156,1.0
7192,1.0
45178,1.0
14208,1.0
32605,1.0
20613,1.0
33676,1.0
23751,1.0
37892,1.0
35156,1.0
34078,1.0
16437,1.0
42687,1.0
44484,1.0
20813,1.0
47946,1.0
12728,1.0
32717,1.0
19668,1.0
28954,1.0
18522,1.0
47929,1.0
3032,1.0
25555,1.0
19229,1.0
39494,1.0
6730,1.0
22374,1.0
26945,1.0
40548,1.0
34103,1.0
7800,1.0
32388,1.0
32628,1.0
44883,1.0
3862,1.0
3206,1.0
31216,1.0
19009,1.0
16795,1.0
7045,1.0
13097,1.0
10717,1.0
47975,1.0
44650,1.0
26278,1.0
7898,1.0
10617,1.0
19347,1.0
17734,1.0
35066,1.0
38966,1.0
36734,1.0
40191,1.0
3844,1.0
36374,1.0
31129,1.0
31788,1.0
5598,1.0
29180,1.0
12252,1.0
47818,1.0
29213,1.0
20657,1.0
43176,1.0
46087,1.0
8783,1.0
21243,1.0
9783,1.0
36102,1.0
19281,1.0
39000,1.0
17186,1.0
14487,1.0
44109,1.0
22080,1.0
25683,1.0
5972,1.0
10390,1.0
12215,1.0
1692,1.0
38541,1.0
37235,1.0
3793,1.0
9686,1.0
4893,1.0
3481,1.0
13356,1.0
14693,1.0
38049,1.0
12681,1.0
29067,1.0
45854,1.0
5002,1.0
32319,1.0
31718,1.0
36766,1.0
10766,1.0
47764,1.0
19848,1.0
25662,1.0
24627,1.0
23288,1.0
36855,1.0
31966,1.0
18959,1.0
47200,1.0
2410,1.0
14610,1.0
24855,1.0
46740,1.0
21669,1.0
35609,1.0
47940,1.0
43612,1.0
4308,1.0
40938,1.0
2154,1.0
47879,1.0
32280,1.0
7302,1.0
20024,1.0
30622,1.0
44441,1.0
38147,1.0
39473,1.0
18156,1.0
18349,1.0
39308,1.0
26196,1.0
14481,1.0
8559,1.0
36244,1.0
41473,1.0
18440,1.0
38161,1.0
32077,1.0
10473,1.0
6953,1.0
41220,1.0
4177,1.0
34094,1.0
46859,1.0
41438,1.0
39463,1.0
36089,1.0
3460,1.0
30918,1.0
37421,1.0
18151,1.0
11860,1.0
19825,1.0
21809,1.0
45219,1.0
31877,1.0
2756,1.0
3040,1.0
27147,1.0
25309,1.0
27077,1.0
15846,1.0
33481,1.0
4522,1.0
45910,1.0
21660,1.0
1151,1.0
7595,1.0
37877,1.0
42064,1.0
11876,1.0
39055,1.0
42467,1.0
23176,1.0
37475,1.0
21254,1.0
3105,1.0
14378,1.0
8521,1.0
29913,1.0
39649,1.0
22348,1.0
47700,1.0
41274,1.0
3380,1.0
37951,1.0
3149,1.0
42288,1.0
6024,1.0
45624,1.0
32344,1.0
15398,1.0
24581,1.0
20154,1.0
40451,1.0
42952,1.0
23249,1.0
42128,1.0
40335,1.0
13640,1.0
46022,1.0
8795,1.0
12589,1.0
18551,1.0
6166,1.0
15470,1.0
21844,1.0
9569,1.0
9740,1.0
46226,1.0
41182,1.0
10381,1.0
29362,1.0
1733,1.0
23681,1.0
11384,1.0
19422,1.0
202,1.0
35751,1.0
34993,1.0
29556,1.0
40576,1.0
45122,1.0
9336,1.0
2585,1.0
43660,1.0
26364,1.0
20149,1.0
13771,1.0
7074,1.0
47245,1.0
20722,1.0
44510,1.0
35058,1.0
25520,1.0
16796,1.0
6703,1.0
20022,1.0
7789,1.0
40609,1.0
10866,1.0
5888,1.0
32796,1.0
22651,1.0
41725,1.0
19052,1.0
16167,1.0
12805,1.0
20169,1.0
20543,1.0
6522,1.0
24281,1.0
11285,1.0
30615,1.0
7913,1.0
47912,1.0
25418,1.0
2835,1.0
16940,1.0
17972,1.0
7204,1.0
41226,1.0
43449,1.0
6837,1.0
13605,1.0
40012,1.0
39651,1.0
39322,1.0
10675,1.0
4207,1.0
4244,1.0
12892,1.0
38726,1.0
45802,1.0
14154,1.0
25449,1.0
4068,1.0
2354,1.0
40902,1.0
13325,1.0
14933,1.0
18876,1.0
34263,1.0
20941,1.0
35498,1.0
39158,1.0
2852,1.0
27762,1.0
27956,1.0
46111,1.0
22295,1.0
47323,1.0
6663,1.0
26585,1.0
10100,1.0
2796,1.0
39389,1.0
23232,1.0
13549,1.0
40554,1.0
40526,1.0
44018,1.0
34246,1.0
15038,1.0
30290,1.0
8267,1.0
46012,1.0
39032,1.0
19274,1.0
6448,1.0
15396,1.0
41422,1.0
17158,1.0
45753,1.0
13182,1.0
44265,1.0
20589,1.0
32930,1.0
30236,1.0
20911,1.0
39243,1.0
14880,1.0
35477,1.0
5715,1.0
18806,1.0
12717,1.0
5714,1.0
47466,1.0
10620,1.0
37161,1.0
5139,1.0
45186,1.0
14365,1.0
6322,1.0
43062,1.0
26573,1.0
41090,1.0
27567,1.0
12702,1.0
9701,1.0
47459,1.0
37511,1.0
13849,1.0
34394,1.0
11804,1.0
28057,1.0
5858,1.0
17316,1.0
22198,1.0
33083,1.0
46183,1.0
46215,1.0
31173,1.0
34349,1.0
25927,1.0
8741,1.0
7958,1.0
33021,1.0
20946,1.0
28483,1.0
5393,1.0
43711,1.0
39512,1.0
27473,1.0
17015,1.0
39115,1.0
30003,1.0
3674,1.0
22051,1.0
42899,1.0
28258,1.0
23723,1.0
17469,1.0
33866,1.0
17874,1.0
24264,1.0
8368,1.0
12708,1.0
19533,1.0
31797,1.0
20093,1.0
5863,1.0
28808,1.0
29617,1.0
22719,1.0
11177,1.0
44712,1.0
31415,1.0
45280,1.0
23419,1.0
45613,1.0
18132,1.0
17954,1.0
22498,1.0
29660,1.0
16694,1.0
4173,1.0
40258,1.0
10421,1.0
27725,1.0
5132,1.0
21547,1.0
38546,1.0
31928,1.0
35218,1.0
21871,1.0
12927,1.0
36400,1.0
30295,1.0
35227,1.0
39912,1.0
43468,1.0
20241,1.0
30123,1.0
2713,1.0
17818,1.0
18046,1.0
35632,1.0
39247,1.0
16560,1.0
30280,1.0
27348,1.0
24962,1.0
17444,1.0
10612,1.0
6718,1.0
40432,1.0
29570,1.0
37664,1.0
47248,1.0
27913,1.0
41050,1.0
35561,1.0
27491,1.0
7744,1.0
11131,1.0
15954,1.0
39730,1.0
31690,1.0
37864,1.0
12113,1.0
40989,1.0
2797,1.0
5439,1.0
42558,1.0
40904,1.0
37280,1.0
24580,1.0
8877,1.0
5804,1.0
14334,1.0
19674,1.0
13448,1.0
47706,1.0
26074,1.0
37356,1.0
9477,1.0
11961,1.0
35499,1.0
30041,1.0
20745,1.0
34621,1.0
37079,1.0
37086,1.0
37923,1.0
21683,1.0
6626,1.0
18091,1.0
42483,1.0
11086,1.0
16032,1.0
6502,1.0
4419,1.0
18762,1.0
1635,1.0
1039,1.0
36519,1.0
42001,1.0
3732,1.0
45253,1.0
26164,1.0
1400,1.0
12476,1.0
12448,1.0
13077,1.0
42981,1.0
45766,1.0
46953,1.0
28144,1.0
43661,1.0
206,1.0
473,1.0
23533,1.0
30748,1.0
40240,1.0
9588,1.0
40024,1.0
33004,1.0
22901,1.0
34813,1.0
4932,1.0
2958,1.0
15654,1.0
21207,1.0
8650,1.0
9602,1.0
7710,1.0
46042,1.0
31338,1.0
41737,1.0
37881,1.0
20687,1.0
5732,1.0
30291,1.0
27607,1.0
25044,1.0
1394,1.0
24506,1.0
23033,1.0
13338,1.0
22861,1.0
36388,1.0
34844,1.0
26289,1.0
47001,1.0
1865,1.0
3430,1.0
14461,1.0
7025,1.0
15896,1.0
32682,1.0
11033,1.0
30909,1.0
42407,1.0
13799,1.0
38709,1.0
31542,1.0
6543,1.0
37767,1.0
29726,1.0
34881,1.0
8087,1.0
25554,1.0
34330,1.0
22892,1.0
38756,1.0
23193,1.0
10856,1.0
13658,1.0
6596,1.0
30069,1.0
36674,1.0
30711,1.0
5626,1.0
39522,1.0
40033,1.0
30908,1.0
43097,1.0
20550,1.0
27051,1.0
21686,1.0
39551,1.0
19952,1.0
17488,1.0
37252,1.0
17017,1.0
3104,1.0
5517,1.0
40909,1.0
10879,1.0
44755,1.0
21468,1.0
18995,1.0
3468,1.0
30252,1.0
13661,1.0
12714,1.0
11446,1.0
9130,1.0
33497,1.0
47456,1.0
1921,1.0
41377,1.0
45053,1.0
30762,1.0
4412,1.0
21132,1.0
17293,1.0
13115,1.0
36323,1.0
38338,1.0
46531,1.0
17200,1.0
22952,1.0
22500,1.0
44909,1.0
40016,1.0
42965,1.0
46058,1.0
459,1.0
9935,1.0
27128,1.0
21681,1.0
19836,1.0
36907,1.0
27859,1.0
45871,1.0
30902,1.0
26013,1.0
27727,1.0
26956,1.0
2466,1.0
14321,1.0
44823,1.0
12127,1.0
11056,1.0
45603,1.0
29198,1.0
28858,1.0
1388,1.0
25635,1.0
38550,1.0
32203,1.0
32325,1.0
46158,1.0
18058,1.0
47235,1.0
31393,1.0
1027,1.0
20636,1.0
20470,1.0
42197,1.0
29951,1.0
8854,1.0
34580,1.0
44340,1.0
36163,1.0
41168,1.0
27575,1.0
42289,1.0
36578,1.0
44413,1.0
35423,1.0
22213,1.0
17700,1.0
34173,1.0
33927,1.0
29264,1.0
464,1.0
37701,1.0
8928,1.0
40152,1.0
38988,1.0
2877,1.0
40536,1.0
23102,1.0
11504,1.0
38786,1.0
6819,1.0
35637,1.0
8691,1.0
26749,1.0
44846,1.0
37873,1.0
2061,1.0
11911,1.0
5055,1.0
16780,1.0
28720,1.0
15129,1.0
24813,1.0
38200,1.0
19083,1.0
42451,1.0
41241,1.0
33129,1.0
16397,1.0
40043,1.0
10121,1.0
14228,1.0
6827,1.0
46188,1.0
28800,1.0
25139,1.0
38154,1.0
36405,1.0
39890,1.0
13479,1.0
42707,1.0
31734,1.0
3524,1.0
9520,1.0
19605,1.0
34563,1.0
15751,1.0
10282,1.0
42918,1.0
47067,1.0
20320,1.0
34824,1.0
23873,1.0
26984,1.0
25176,1.0
46520,1.0
23319,1.0
25788,1.0
19002,1.0
15782,1.0
34701,1.0
24120,1.0
12036,1.0
387,1.0
44801,1.0
25382,1.0
44074,1.0
19980,1.0
29270,1.0
14398,1.0
24840,1.0
4461,1.0
44651,1.0
798,1.0
23598,1.0
32973,1.0
782,1.0
23882,1.0
30081,1.0
35145,1.0
34201,1.0
46948,1.0
1502,1.0
36404,1.0
26205,1.0
7169,1.0
25177,1.0
27548,1.0
27467,1.0
8740,1.0
14174,1.0
43032,1.0
24388,1.0
29408,1.0
37151,1.0
43130,1.0
46808,1.0
25420,1.0
28511,1.0
27783,1.0
35510,1.0
35997,1.0
11296,1.0
22903,1.0
20242,1.0
21467,1.0
14418,1.0
23776,1.0
26479,1.0
47113,1.0
29862,1.0
11144,1.0
6973,1.0
40400,1.0
23202,1.0
7509,1.0
26117,1.0
43560,1.0
45940,1.0
23347,1.0
4327,1.0
45169,1.0
8118,1.0
8860,1.0
6803,1.0
12492,1.0
21137,1.0
5387,1.0
40501,1.0
22445,1.0
38901,1.0
3800,1.0
42540,1.0
1820,1.0
9310,1.0
21257,1.0
37458,1.0
34379,1.0
6924,1.0
9570,1.0
27585,1.0
16899,1.0
19278,1.0
44977,1.0
20298,1.0
7462,1.0
34206,1.0
21053,1.0
3507,1.0
44504,1.0
10099,1.0
39876,1.0
15374,1.0
40277,1.0
27304,1.0
15251,1.0
10928,1.0
791,1.0
2749,1.0
29217,1.0
14364,1.0
36125,1.0
12773,1.0
36335,1.0
34689,1.0
8538,1.0
26543,1.0
1350,1.0
17713,1.0
40642,1.0
20040,1.0
31078,1.0
34706,1.0
3095,1.0
33287,1.0
21750,1.0
10164,1.0
22483,1.0
44656,1.0
11544,1.0
12930,1.0
9068,1.0
24361,1.0
16245,1.0
22776,1.0
5346,1.0
24102,1.0
42588,1.0
17629,1.0
17673,1.0
26155,1.0
8858,1.0
36733,1.0
26034,1.0
47775,1.0
10728,1.0
25780,1.0
46141,1.0
21586,1.0
33456,1.0
38827,1.0
21425,1.0
19022,1.0
2460,1.0
37400,1.0
27723,1.0
38884,1.0
10640,1.0
5145,1.0
29829,1.0
19454,1.0
22301,1.0
16313,1.0
19699,1.0
17850,1.0
39240,1.0
523,1.0
28,1.0
25417,1.0
21892,1.0
17115,1.0
20942,1.0
13380,1.0
19642,1.0
40971,1.0
17553,1.0
44722,1.0
20360,1.0
27142,1.0
25756,1.0
14039,1.0
33027,1.0
13148,1.0
28727,1.0
12736,1.0
9706,1.0
5341,1.0
10701,1.0
45112,1.0
12396,1.0
13872,1.0
17485,1.0
19380,1.0
17951,1.0
27212,1.0
25600,1.0
27995,1.0
39460,1.0
23699,1.0
29367,1.0
38747,1.0
44572,1.0
13630,1.0
30394,1.0
21671,1.0
40648,1.0
28687,1.0
32632,1.0
43680,1.0
12944,1.0
8625,1.0
41924,1.0
40417,1.0
16596,1.0
1197,1.0
47859,1.0
47294,1.0
14811,1.0
45597,1.0
33420,1.0
40447,1.0
25001,1.0
9974,1.0
27676,1.0
36654,1.0
32607,1.0
30609,1.0
21580,1.0
12462,1.0
39847,1.0
829,1.0
47945,1.0
22003,1.0
27490,1.0
21546,1.0
14219,1.0
45999,1.0
38131,1.0
6817,1.0
6635,1.0
34046,1.0
29370,1.0
40997,1.0
10082,1.0
3210,1.0
46315,1.0
2342,1.0
47732,1.0
8213,1.0
27573,1.0
6886,1.0
34686,1.0
36257,1.0
33350,1.0
39757,1.0
16686,1.0
20989,1.0
28264,1.0
41081,1.0
4767,1.0
33669,1.0
23977,1.0
42302,1.0
10754,1.0
36293,1.0
10171,1.0
45108,1.0
46045,1.0
10283,1.0
13415,1.0
17268,1.0
42584,1.0
30061,1.0
30836,1.0
13779,1.0
2444,1.0
30168,1.0
31002,1.0
40662,1.0
5185,1.0
11938,1.0
5840,1.0
20639,1.0
9590,1.0
39542,1.0
38701,1.0
5513,1.0
22569,1.0
39232,1.0
641,1.0
1090,1.0
43505,1.0
30126,1.0
32805,1.0
2164,1.0
33628,1.0
25809,1.0
40107,1.0
6345,1.0
13980,1.0
25465,1.0
29301,1.0
40958,1.0
41746,1.0
36300,1.0
4626,1.0
43571,1.0
41300,1.0
32482,1.0
32730,1.0
25593,1.0
23262,1.0
17833,1.0
18750,1.0
32751,1.0
10505,1.0
23951,1.0
33213,1.0
45487,1.0
24552,1.0
22422,1.0
20013,1.0
36861,1.0
33340,1.0
36651,1.0
38743,1.0
10281,1.0
8950,1.0
8571,1.0
20661,1.0
42219,1.0
19793,1.0
35344,1.0
40809,1.0
7611,1.0
33254,1.0
45550,1.0
8406,1.0
17430,1.0
6733,1.0
43999,1.0
33383,1.0
31954,1.0
14985,1.0
25124,1.0
3706,1.0
22028,1.0
8509,1.0
19709,1.0
11632,1.0
17071,1.0
23536,1.0
44856,1.0
37585,1.0
1446,1.0
32527,1.0
47691,1.0
10228,1.0
28639,1.0
31684,1.0
6560,1.0
15320,1.0
47917,1.0
622,1.0
41718,1.0
31918,1.0
46886,1.0
15950,1.0
29456,1.0
3456,1.0
2497,1.0
20207,1.0
32554,1.0
2627,1.0
42827,1.0
32097,1.0
46208,1.0
7717,1.0
45479,1.0
32508,1.0
6232,1.0
3777,1.0
8016,1.0
39545,1.0
1007,1.0
31658,1.0
12003,1.0
14676,1.0
21511,1.0
33238,1.0
19046,1.0
42789,1.0
11612,1.0
3664,1.0
21613,1.0
42447,1.0
14262,1.0
35501,1.0
18169,1.0
33219,1.0
3975,1.0
37176,1.0
28792,1.0
8008,1.0
35627,1.0
26610,1.0
24205,1.0
30554,1.0
28480,1.0
646,1.0
33950,1.0
43196,1.0
24597,1.0
22159,1.0
36652,1.0
35584,1.0
22848,1.0
43475,1.0
7613,1.0
38097,1.0
20257,1.0
35698,1.0
6815,1.0
24520,1.0
36843,1.0
38278,1.0
23007,1.0
37500,1.0
26266,1.0
14258,1.0
5514,1.0
47004,1.0
34129,1.0
19389,1.0
33103,1.0
26214,1.0
18882,1.0
47007,1.0
10199,1.0
15402,1.0
21821,1.0
46777,1.0
4785,1.0
5874,1.0
23209,1.0
17540,1.0
36687,1.0
37127,1.0
33334,1.0
8675,1.0
39528,1.0
17615,1.0
22126,1.0
35546,1.0
7496,1.0
37540,1.0
47724,1.0
45967,1.0
36428,1.0
39419,1.0
40824,1.0
44008,1.0
1741,1.0
10635,1.0
3776,1.0
39974,1.0
18588,1.0
31404,1.0
43511,1.0
34907,1.0
20826,1.0
24257,1.0
34749,1.0
28213,1.0
26491,1.0
23167,1.0
32229,1.0
8186,1.0
16734,1.0
19330,1.0
24565,1.0
46757,1.0
17706,1.0
5456,1.0
16490,1.0
32967,1.0
34774,1.0
29886,1.0
35352,1.0
6424,1.0
6236,1.0
7331,1.0
1348,1.0
3798,1.0
7825,1.0
36310,1.0
26141,1.0
20477,1.0
13136,1.0
47048,1.0
24246,1.0
43376,1.0
27122,1.0
14102,1.0
9303,1.0
25192,1.0
26696,1.0
20910,1.0
26165,1.0
11722,1.0
43416,1.0
10607,1.0
15439,1.0
19888,1.0
10964,1.0
44171,1.0
47751,1.0
13985,1.0
3353,1.0
2272,1.0
44357,1.0
26474,1.0
10942,1.0
15594,1.0
1977,1.0
42810,1.0
40966,1.0
16269,1.0
31371,1.0
22767,1.0
484,1.0
22089,1.0
32606,1.0
9212,1.0
43029,1.0
17011,1.0
46794,1.0
28468,1.0
18424,1.0
47938,1.0
41714,1.0
33305,1.0
12027,1.0
623,1.0
726,1.0
5087,1.0
15212,1.0
18354,1.0
5748,1.0
11724,1.0
25404,1.0
31598,1.0
27863,1.0
1177,1.0
40724,1.0
47089,1.0
30463,1.0
22398,1.0
3558,1.0
7848,1.0
43498,1.0
38946,1.0
29495,1.0
861,1.0
3428,1.0
15888,1.0
5876,1.0
7871,1.0
46311,1.0
5382,1.0
30273,1.0
34303,1.0
5579,1.0
34326,1.0
44007,1.0
22423,1.0
36711,1.0
30175,1.0
41526,1.0
37721,1.0
12825,1.0
17754,1.0
4094,1.0
21126,1.0
18272,1.0
44036,1.0
32639,1.0
12307,1.0
9482,1.0
16900,1.0
26045,1.0
11121,1.0
15350,1.0
16609,1.0
9035,1.0
20288,1.0
25477,1.0
47130,1.0
7443,1.0
16339,1.0
46579,1.0
43463,1.0
45971,1.0
7652,1.0
46863,1.0
6656,1.0
15525,1.0
40483,1.0
46472,1.0
29157,1.0
7783,1.0
7992,1.0
27256,1.0
9814,1.0
37122,1.0
36447,1.0
27492,1.0
7748,1.0
14267,1.0
16127,1.0
40195,1.0
47955,1.0
37039,1.0
30157,1.0
1905,1.0
23545,1.0
29901,1.0
37295,1.0
30649,1.0
9578,1.0
36550,1.0
21678,1.0
51,1.0
18887,1.0
13629,1.0
5637,1.0
3749,1.0
19870,1.0
10368,1.0
46104,1.0
3144,1.0
23660,1.0
4912,1.0
4995,1.0
3436,1.0
3669,1.0
38259,1.0
42204,1.0
4735,1.0
30000,1.0
45906,1.0
25467,1.0
15109,1.0
27464,1.0
7099,1.0
22377,1.0
11345,1.0
46734,1.0
27250,1.0
18261,1.0
40833,1.0
41190,1.0
13187,1.0
2407,1.0
10520,1.0
44850,1.0
16303,1.0
12450,1.0
47107,1.0
28170,1.0
43748,1.0
27692,1.0
16808,1.0
12575,1.0
1220,1.0
31708,1.0
47241,1.0
17039,1.0
18918,1.0
38226,1.0
15323,1.0
221,1.0
23297,1.0
13210,1.0
41724,1.0
5746,1.0
35974,1.0
7988,1.0
32216,1.0
18124,1.0
44176,1.0
5478,1.0
29714,1.0
47682,1.0
4559,1.0
46914,1.0
18601,1.0
10934,1.0
35619,1.0
19733,1.0
45384,1.0
24492,1.0
44244,1.0
28603,1.0
47619,1.0
22980,1.0
13378,1.0
36357,1.0
29120,1.0
12427,1.0
8252,1.0
8643,1.0
40229,1.0
12968,1.0
28716,1.0
45638,1.0
28780,1.0
46344,1.0
32468,1.0
8973,1.0
18174,1.0
22637,1.0
21621,1.0
9712,1.0
10929,1.0
43744,1.0
13025,1.0
29652,1.0
19096,1.0
43328,1.0
4408,1.0
23829,1.0
40661,1.0
11573,1.0
21421,1.0
34794,1.0
1616,1.0
10632,1.0
7065,1.0
23739,1.0
17650,1.0
20908,1.0
4687,1.0
40622,1.0
43865,1.0
16018,1.0
8230,1.0
2560,1.0
20665,1.0
4590,1.0
39303,1.0
45337,1.0
25627,1.0
43846,1.0
32791,1.0
43057,1.0
45611,1.0
19935,1.0
47330,1.0
42138,1.0
43853,1.0
27661,1.0
6838,1.0
28232,1.0
713,1.0
40877,1.0
47252,1.0
23824,1.0
34981,1.0
46853,1.0
24441,1.0
25482,1.0
40491,1.0
7782,1.0
14937,1.0
17401,1.0
22518,1.0
36827,1.0
17782,1.0
16725,1.0
13012,1.0
39767,1.0
3998,1.0
42787,1.0
41259,1.0
16578,1.0
28492,1.0
2124,1.0
32090,1.0
32986,1.0
574,1.0
37742,1.0
14516,1.0
12506,1.0
20548,1.0
34646,1.0
17977,1.0
18165,1.0
12080,1.0
21517,1.0
36326,1.0
30448,1.0
44528,1.0
7573,1.0
8328,1.0
31716,1.0
34812,1.0
43956,1.0
32635,1.0
7507,1.0
40416,1.0
46838,1.0
15223,1.0
26169,1.0
11120,1.0
23384,1.0
23576,1.0
14854,1.0
20090,1.0
24061,1.0
10648,1.0
25960,1.0
15907,1.0
12171,1.0
26440,1.0
27758,1.0
22175,1.0
14310,1.0
10278,1.0
8111,1.0
46428,1.0
15937,1.0
9409,1.0
12221,1.0
38337,1.0
30667,1.0
33972,1.0
1491,1.0
24133,1.0
37494,1.0
27791,1.0
36888,1.0
9055,1.0
24127,1.0
1833,1.0
5951,1.0
23503,1.0
19362,1.0
39068,1.0
3834,1.0
6504,1.0
23962,1.0
20897,1.0
43504,1.0
44239,1.0
43287,1.0
34647,1.0
20151,1.0
4442,1.0
19564,1.0
10815,1.0
44538,1.0
24189,1.0
27011,1.0
14637,1.0
12888,1.0
19461,1.0
34268,1.0
39985,1.0
6582,1.0
42841,1.0
22042,1.0
30482,1.0
40426,1.0
39820,1.0
15744,1.0
35115,1.0
32244,1.0
12695,1.0
8600,1.0
35511,1.0
19006,1.0
23853,1.0
14900,1.0
3877,1.0
25270,1.0
7338,1.0
11509,1.0
27542,1.0
37591,1.0
32827,1.0
14193,1.0
13153,1.0
18670,1.0
22996,1.0
11430,1.0
25104,1.0
2830,1.0
43144,1.0
14938,1.0
24057,1.0
38051,1.0
17999,1.0
22123,1.0
3446,1.0
22006,1.0
10334,1.0
24796,1.0
47534,1.0
2812,1.0
15310,1.0
7216,1.0
7925,1.0
36553,1.0
44170,1.0
17211,1.0
8336,1.0
13817,1.0
45573,1.0
3895,1.0
40753,1.0
8203,1.0
9073,1.0
36816,1.0
37433,1.0
47324,1.0
43978,1.0
2332,1.0
22118,1.0
34876,1.0
33684,1.0
27570,1.0
20965,1.0
32302,1.0
4032,1.0
12350,1.0
5105,1.0
21689,1.0
20992,1.0
10837,1.0
18264,1.0
36233,1.0
25112,1.0
27851,1.0
45515,1.0
40606,1.0
30344,1.0
42145,1.0
25312,1.0
36201,1.0
7960,1.0
21597,1.0
44853,1.0
7314,1.0
25106,1.0
20031,1.0
40899,1.0
8547,1.0
23332,1.0
24561,1.0
43247,1.0
33324,1.0
13625,1.0
10049,1.0
4348,1.0
43208,1.0
47431,1.0
23163,1.0
5265,1.0
16096,1.0
42425,1.0
47967,1.0
1182,1.0
26407,1.0
38032,1.0
29646,1.0
10221,1.0
8071,1.0
39917,1.0
31645,1.0
45717,1.0
4519,1.0
29469,1.0
17979,1.0
46332,1.0
33620,1.0
35824,1.0
5733,1.0
25021,1.0
8345,1.0
30416,1.0
12142,1.0
8188,1.0
18060,1.0
32651,1.0
22193,1.0
25563,1.0
25586,1.0
153,1.0
3282,1.0
30849,1.0
21277,1.0
13883,1.0
3025,1.0
5483,1.0
38117,1.0
15099,1.0
3383,1.0
20807,1.0
16188,1.0
40094,1.0
9415,1.0
20738,1.0
30820,1.0
18717,1.0
21652,1.0
13438,1.0
43610,1.0
755,1.0
1866,1.0
29391,1.0
39225,1.0
21672,1.0
46773,1.0
41722,1.0
41496,1.0
47153,1.0
38902,1.0
16971,1.0
1783,1.0
45300,1.0
20547,1.0
42769,1.0
38432,1.0
47297,1.0
7100,1.0
36006,1.0
32014,1.0
35825,1.0
30480,1.0
13207,1.0
29261,1.0
17351,1.0
26050,1.0
13806,1.0
10601,1.0
2240,1.0
41733,1.0
29422,1.0
19286,1.0
24913,1.0
7005,1.0
43992,1.0
40067,1.0
42631,1.0
28617,1.0
32336,1.0
26997,1.0
1100,1.0
39900,1.0
23982,1.0
24776,1.0
39702,1.0
18014,1.0
33418,1.0
38538,1.0
23406,1.0
18412,1.0
26042,1.0
30412,1.0
2890,1.0
38511,1.0
46910,1.0
45689,1.0
19101,1.0
21411,1.0
16667,1.0
47901,1.0
32572,1.0
29483,1.0
22934,1.0
27865,1.0
45217,1.0
10471,1.0
33785,1.0
28530,1.0
32890,1.0
38943,1.0
9232,1.0
20064,1.0
39028,1.0
5535,1.0
6161,1.0
24026,1.0
22475,1.0
19372,1.0
11762,1.0
35354,1.0
38195,1.0
44771,1.0
38982,1.0
4835,1.0
3663,1.0
42353,1.0
30176,1.0
23980,1.0
34792,1.0
30993,1.0
45668,1.0
46739,1.0
29637,1.0
9990,1.0
648,1.0
18697,1.0
31406,1.0
27745,1.0
14624,1.0
41599,1.0
19974,1.0
28733,1.0
2565,1.0
16199,1.0
42804,1.0
29244,1.0
6894,1.0
30693,1.0
14557,1.0
8785,1.0
24248,1.0
13474,1.0
25765,1.0
23414,1.0
17580,1.0
17126,1.0
1466,1.0
19300,1.0
38607,1.0
15825,1.0
15281,1.0
12584,1.0
2945,1.0
1817,1.0
13998,1.0
17720,1.0
19335,1.0
40531,1.0
2971,1.0
15403,1.0
30464,1.0
28773,1.0
46139,1.0
3092,1.0
35099,1.0
43277,1.0
40939,1.0
731,1.0
33531,1.0
19182,1.0
25614,1.0
45608,1.0
21147,1.0
46503,1.0
28447,1.0
42266,1.0
1169,1.0
28963,1.0
21192,1.0
19696,1.0
25077,1.0
2185,1.0
7589,1.0
38065,1.0
47813,1.0
41327,1.0
32053,1.0
7458,1.0
12405,1.0
11455,1.0
42021,1.0
37492,1.0
6832,1.0
10549,1.0
37211,1.0
3324,1.0
41204,1.0
37720,1.0
37777,1.0
15790,1.0
42842,1.0
18338,1.0
8282,1.0
14144,1.0
10553,1.0
1526,1.0
34457,1.0
8090,1.0
39602,1.0
18805,1.0
20329,1.0
32415,1.0
22948,1.0
19966,1.0
4317,1.0
26856,1.0
45428,1.0
18355,1.0
17935,1.0
36769,1.0
41639,1.0
42849,1.0
4955,1.0
13711,1.0
6227,1.0
13529,1.0
22486,1.0
21118,1.0
26137,1.0
44256,1.0
1785,1.0
27971,1.0
8546,1.0
9575,1.0
21390,1.0
23366,1.0
18618,1.0
35063,1.0
37879,1.0
42225,1.0
39236,1.0
31705,1.0
29187,1.0
5123,1.0
22608,1.0
13131,1.0
1761,1.0
37099,1.0
35669,1.0
5480,1.0
22890,1.0
11894,1.0
43698,1.0
45231,1.0
35709,1.0
4605,1.0
1002,1.0
21573,1.0
42831,1.0
40119,1.0
12311,1.0
4117,1.0
19493,1.0
28452,1.0
32162,1.0
20840,1.0
42564,1.0
26640,1.0
36643,1.0
30034,1.0
23654,1.0
2598,1.0
26747,1.0
20237,1.0
27391,1.0
23577,1.0
14451,1.0
30652,1.0
35386,1.0
39004,1.0
12324,1.0
30285,1.0
26001,1.0
5807,1.0
29324,1.0
11125,1.0
46463,1.0
11449,1.0
47346,1.0
34413,1.0
10643,1.0
40596,1.0
36795,1.0
24739,1.0
41591,1.0
26029,1.0
9953,1.0
20818,1.0
35196,1.0
4439,1.0
3077,1.0
6143,1.0
14630,1.0
39610,1.0
896,1.0
21289,1.0
5663,1.0
31742,1.0
12614,1.0
27450,1.0
14670,1.0
11805,1.0
23286,1.0
25561,1.0
36841,1.0
13792,1.0
27470,1.0
46455,1.0
30584,1.0
28983,1.0
13554,1.0
28418,1.0
28022,1.0
29440,1.0
30740,1.0
9305,1.0
32480,1.0
35360,1.0
4753,1.0
21964,1.0
38616,1.0
5253,1.0
43524,1.0
33527,1.0
17996,1.0
5605,1.0
12790,1.0
14499,1.0
16344,1.0
47653,1.0
847,1.0
7143,1.0
33297,1.0
37144,1.0
16697,1.0
29561,1.0
9772,1.0
39694,1.0
13306,1.0
2779,1.0
1233,1.0
16973,1.0
242,1.0
8066,1.0
41995,1.0
40319,1.0
35277,1.0
29785,1.0
18456,1.0
2072,1.0
29358,1.0
9017,1.0
35959,1.0
35823,1.0
43629,1.0
32498,1.0
29821,1.0
21823,1.0
13910,1.0
33667,1.0
44183,1.0
21045,1.0
38580,1.0
2252,1.0
24696,1.0
7983,1.0
15116,1.0
1918,1.0
4421,1.0
17671,1.0
15249,1.0
43980,1.0
44930,1.0
33902,1.0
13536,1.0
9137,1.0
29461,1.0
10568,1.0
8934,1.0
3778,1.0
4579,1.0
15364,1.0
25707,1.0
11401,1.0
6971,1.0
13716,1.0
36426,1.0
26577,1.0
2739,1.0
11978,1.0
24224,1.0
22615,1.0
3678,1.0
27680,1.0
35160,1.0
45572,1.0
15078,1.0
433,1.0
24820,1.0
32745,1.0
30966,1.0
19557,1.0
12242,1.0
8832,1.0
26862,1.0
43721,1.0
37486,1.0
21384,1.0
8207,1.0
9359,1.0
29936,1.0
9498,1.0
41137,1.0
24409,1.0
44762,1.0
20874,1.0
28707,1.0
6780,1.0
40197,1.0
28564,1.0
19583,1.0
20112,1.0
33237,1.0
36533,1.0
29307,1.0
927,1.0
23397,1.0
28606,1.0
41338,1.0
17775,1.0
4299,1.0
31777,1.0
3546,1.0
1688,1.0
28961,1.0
6548,1.0
30674,1.0
16365,1.0
39203,1.0
1200,1.0
1367,1.0
1488,1.0
4517,1.0
46673,1.0
3363,1.0
1355,1.0
28243,1.0
34071,1.0
289,1.0
5386,1.0
36977,1.0
20580,1.0
19308,1.0
47094,1.0
43582,1.0
34361,1.0
9148,1.0
17428,1.0
31163,1.0
43638,1.0
914,1.0
4991,1.0
29845,1.0
46000,1.0
16252,1.0
35860,1.0
304,1.0
14535,1.0
47686,1.0
14157,1.0
32081,1.0
27220,1.0
5049,1.0
12134,1.0
22519,1.0
46723,1.0
15160,1.0
9940,1.0
23563,1.0
11620,1.0
38451,1.0
38666,1.0
37572,1.0
5184,1.0
32574,1.0
22875,1.0
22790,1.0
2577,1.0
41611,1.0
38563,1.0
38296,1.0
41103,1.0
145,1.0
44779,1.0
16431,1.0
28778,1.0
25485,1.0
19813,1.0
47664,1.0
28080,1.0
22850,1.0
17847,1.0
8863,1.0
24628,1.0
41704,1.0
44976,1.0
15400,1.0
30750,1.0
32510,1.0
47236,1.0
43055,1.0
24852,1.0
28027,1.0
28200,1.0
25178,1.0
42094,1.0
2211,1.0
10339,1.0
12960,1.0
46657,1.0
14078,1.0
22924,1.0
42603,1.0
13457,1.0
11485,1.0
41717,1.0
45497,1.0
21484,1.0
29227,1.0
20921,1.0
15911,1.0
123,1.0
15373,1.0
9758,1.0
2788,1.0
23902,1.0
17921,1.0
29795,1.0
38748,1.0
35188,1.0
31953,1.0
13631,1.0
6688,1.0
18032,1.0
14817,1.0
4030,1.0
14242,1.0
45281,1.0
5321,1.0
14998,1.0
5064,1.0
1916,1.0
665,1.0
6880,1.0
27766,1.0
8964,1.0
46988,1.0
37119,1.0
34467,1.0
32952,1.0
44591,1.0
41098,1.0
34158,1.0
21008,1.0
38423,1.0
37703,1.0
23261,1.0
5169,1.0
220,1.0
34215,1.0
22950,1.0
1165,1.0
33987,1.0
46152,1.0
46562,1.0
45185,1.0
23616,1.0
33439,1.0
11678,1.0
5708,1.0
13955,1.0
9910,1.0
435,1.0
43267,1.0
18111,1.0
8162,1.0
15172,1.0
2553,1.0
39273,1.0
16942,1.0
15818,1.0
16995,1.0
2146,1.0
4554,1.0
7194,1.0
6503,1.0
5650,1.0
34042,1.0
16527,1.0
10436,1.0
25964,1.0
10957,1.0
8453,1.0
5320,1.0
5389,1.0
42354,1.0
12259,1.0
28402,1.0
42326,1.0
34369,1.0
30549,1.0
17584,1.0
24730,1.0
31356,1.0
7492,1.0
45073,1.0
28997,1.0
6260,1.0
34258,1.0
16968,1.0
7837,1.0
24917,1.0
43297,1.0
22840,1.0
8117,1.0
5793,1.0
2421,1.0
32231,1.0
11363,1.0
6526,1.0
14994,1.0
14708,1.0
24579,1.0
19189,1.0
1028,1.0
26799,1.0
11199,1.0
14173,1.0
17034,1.0
13500,1.0
24866,1.0
42522,1.0
33242,1.0
35899,1.0
37391,1.0
5981,1.0
33493,1.0
20410,1.0
45628,1.0
20015,1.0
46604,1.0
31051,1.0
23727,1.0
24964,1.0
34143,1.0
23811,1.0
1442,1.0
34805,1.0
8446,1.0
44492,1.0
43331,1.0
11068,1.0
47475,1.0
41771,1.0
43000,1.0
19364,1.0
5945,1.0
19437,1.0
47198,1.0
30233,1.0
17140,1.0
5756,1.0
12219,1.0
39652,1.0
10561,1.0
11230,1.0
42929,1.0
33622,1.0
8110,1.0
27135,1.0
39764,1.0
45033,1.0
25278,1.0
14575,1.0
27711,1.0
47795,1.0
39468,1.0
45292,1.0
34635,1.0
14640,1.0
2427,1.0
25169,1.0
23520,1.0
15399,1.0
40362,1.0
41065,1.0
6976,1.0
7711,1.0
28597,1.0
35976,1.0
26286,1.0
28958,1.0
40212,1.0
19351,1.0
24965,1.0
41227,1.0
32578,1.0
32722,1.0
8765,1.0
42148,1.0
20526,1.0
6974,1.0
15890,1.0
5891,1.0
31972,1.0
23069,1.0
44283,1.0
31243,1.0
35083,1.0
23995,1.0
22689,1.0
17665,1.0
5342,1.0
20569,1.0
15358,1.0
21831,1.0
7881,1.0
8825,1.0
19664,1.0
37808,1.0
21973,1.0
19185,1.0
23895,1.0
13340,1.0
10533,1.0
27666,1.0
8421,1.0
45519,1.0
38690,1.0
29504,1.0
16916,1.0
40624,1.0
44967,1.0
42044,1.0
5666,1.0
8131,1.0
19654,1.0
42569,1.0
6927,1.0
1208,1.0
20014,1.0
10384,1.0
21991,1.0
2496,1.0
32435,1.0
14991,1.0
33261,1.0
42537,1.0
18394,1.0
4097,1.0
34383,1.0
4800,1.0
47254,1.0
44470,1.0
33359,1.0
43977,1.0
14749,1.0
28769,1.0
7191,1.0
23606,1.0
15467,1.0
1605,1.0
14884,1.0
41877,1.0
47633,1.0
3685,1.0
12972,1.0
9708,1.0
29068,1.0
46602,1.0
20047,1.0
7484,1.0
36657,1.0
7329,1.0
22452,1.0
2079,1.0
40928,1.0
37067,1.0
31737,1.0
11029,1.0
38637,1.0
43876,1.0
17524,1.0
30760,1.0
44955,1.0
18167,1.0
39923,1.0
46866,1.0
42937,1.0
18649,1.0
6002,1.0
9629,1.0
17085,1.0
24831,1.0
15206,1.0
4161,1.0
21939,1.0
38564,1.0
46316,1.0
46116,1.0
39572,1.0
4401,1.0
15193,1.0
33776,1.0
30135,1.0
25934,1.0
25918,1.0
12169,1.0
44078,1.0
5299,1.0
14784,1.0
40058,1.0
33763,1.0
25602,1.0
22469,1.0
37179,1.0
30325,1.0
34739,1.0
25899,1.0
24401,1.0
29684,1.0
9541,1.0
2139,1.0
46529,1.0
35142,1.0
24686,1.0
47023,1.0
46543,1.0
7096,1.0
19525,1.0
38387,1.0
2916,1.0
38533,1.0
3185,1.0
25786,1.0
903,1.0
14230,1.0
36472,1.0
46548,1.0
29537,1.0
14316,1.0
29541,1.0
29455,1.0
18879,1.0
41884,1.0
11151,1.0
2234,1.0
28236,1.0
46011,1.0
18542,1.0
19747,1.0
8651,1.0
3299,1.0
3583,1.0
20140,1.0
46071,1.0
11181,1.0
35199,1.0
32719,1.0
35264,1.0
29289,1.0
2671,1.0
24200,1.0
38731,1.0
22612,1.0
26840,1.0
34697,1.0
43080,1.0
43048,1.0
8671,1.0
2273,1.0
17366,1.0
22798,1.0
12361,1.0
40315,1.0
16849,1.0
29388,1.0
2066,1.0
35767,1.0
11106,1.0
40693,1.0
38250,1.0
19662,1.0
43378,1.0
32851,1.0
44854,1.0
1021,1.0
6246,1.0
2940,1.0
16474,1.0
14822,1.0
1649,1.0
35419,1.0
5611,1.0
8739,1.0
13111,1.0
25813,1.0
867,1.0
12369,1.0
7231,1.0
18589,1.0
21240,1.0
10276,1.0
30020,1.0
7883,1.0
43880,1.0
40173,1.0
3590,1.0
12592,1.0
2995,1.0
6240,1.0
26762,1.0
24339,1.0
26739,1.0
43293,1.0
39280,1.0
40475,1.0
15698,1.0
40932,1.0
11647,1.0
9679,1.0
42383,1.0
43214,1.0
16769,1.0
37216,1.0
35393,1.0
26124,1.0
20739,1.0
37999,1.0
34568,1.0
11679,1.0
2922,1.0
45545,1.0
20883,1.0
2900,1.0
17884,1.0
15545,1.0
4472,1.0
3627,1.0
38680,1.0
25249,1.0
26753,1.0
41453,1.0
15221,1.0
33581,1.0
39127,1.0
28989,1.0
31980,1.0
20018,1.0
14957,1.0
40356,1.0
45832,1.0
22717,1.0
34669,1.0
14192,1.0
1527,1.0
19304,1.0
47197,1.0
1771,1.0
5567,1.0
21377,1.0
27924,1.0
2949,1.0
27355,1.0
16678,1.0
22029,1.0
19058,1.0
33309,1.0
2559,1.0
30488,1.0
44657,1.0
33104,1.0
16779,1.0
11901,1.0
37899,1.0
34014,1.0
12981,1.0
35272,1.0
28166,1.0
20474,1.0
14935,1.0
18251,1.0
31867,1.0
14800,1.0
15521,1.0
125,1.0
45260,1.0
24310,1.0
38869,1.0
41711,1.0
18195,1.0
18703,1.0
5127,1.0
8609,1.0
10411,1.0
19706,1.0
25198,1.0
34942,1.0
31680,1.0
25427,1.0
3619,1.0
46997,1.0
317,1.0
10491,1.0
22673,1.0
30749,1.0
14307,1.0
33633,1.0
5532,1.0
6514,1.0
20122,1.0
41920,1.0
3008,1.0
7583,1.0
42449,1.0
18413,1.0
15213,1.0
15542,1.0
1198,1.0
14819,1.0
33488,1.0
12044,1.0
21486,1.0
14932,1.0
36656,1.0
11478,1.0
24153,1.0
9779,1.0
17822,1.0
18586,1.0
38985,1.0
10089,1.0
15028,1.0
2271,1.0
35426,1.0
22596,1.0
18370,1.0
41899,1.0
47497,1.0
41828,1.0
20679,1.0
1636,1.0
45736,1.0
8848,1.0
28142,1.0
41223,1.0
33376,1.0
35551,1.0
7879,1.0
3211,1.0
29909,1.0
39658,1.0
30105,1.0
13209,1.0
38980,1.0
22657,1.0
11136,1.0
29045,1.0
19423,1.0
13433,1.0
18826,1.0
44849,1.0
13920,1.0
28504,1.0
39538,1.0
47811,1.0
38664,1.0
10257,1.0
11645,1.0
7424,1.0
42723,1.0
8348,1.0
19433,1.0
27316,1.0
35484,1.0
38360,1.0
30264,1.0
31050,1.0
35834,1.0
14553,1.0
6179,1.0
12173,1.0
25836,1.0
31588,1.0
40278,1.0
7866,1.0
35615,1.0
47604,1.0
37592,1.0
27597,1.0
7578,1.0
24914,1.0
29143,1.0
3501,1.0
1792,1.0
45847,1.0
32473,1.0
23550,1.0
30613,1.0
47804,1.0
40425,1.0
11934,1.0
5684,1.0
21068,1.0
22981,1.0
5388,1.0
17380,1.0
44565,1.0
38521,1.0
19978,1.0
248,1.0
7510,1.0
39001,1.0
40680,1.0
26724,1.0
14390,1.0
12926,1.0
6267,1.0
3174,1.0
1862,1.0
851,1.0
31602,1.0
19741,1.0
46949,1.0
46934,1.0
26514,1.0
17213,1.0
8431,1.0
40995,1.0
35992,1.0
20244,1.0
14123,1.0
34125,1.0
3684,1.0
22114,1.0
40175,1.0
13666,1.0
9507,1.0
2625,1.0
5168,1.0
42014,1.0
46109,1.0
35567,1.0
14465,1.0
30288,1.0
16809,1.0
4063,1.0
1703,1.0
26133,1.0
37350,1.0
39826,1.0
43294,1.0
47046,1.0
672,1.0
9016,1.0
46458,1.0
38577,1.0
8864,1.0
35922,1.0
13137,1.0
39294,1.0
12662,1.0
33473,1.0
12489,1.0
8462,1.0
2098,1.0
22837,1.0
14878,1.0
25684,1.0
18545,1.0
47490,1.0
36943,1.0
9394,1.0
40321,1.0
3841,1.0
4567,1.0
5836,1.0
41959,1.0
24117,1.0
29017,1.0
7295,1.0
31749,1.0
45055,1.0
46641,1.0
21879,1.0
21950,1.0
22391,1.0
38822,1.0
41594,1.0
26471,1.0
551,1.0
36074,1.0
20841,1.0
22466,1.0
41827,1.0
11966,1.0
12138,1.0
2423,1.0
42795,1.0
9707,1.0
16996,1.0
12505,1.0
14532,1.0
43087,1.0
25334,1.0
13712,1.0
7861,1.0
26280,1.0
38290,1.0
19802,1.0
571,1.0
42960,1.0
19703,1.0
3842,1.0
12525,1.0
11403,1.0
21791,1.0
45272,1.0
24469,1.0
46453,1.0
14853,1.0
3352,1.0
22571,1.0
39873,1.0
28890,1.0
11867,1.0
9760,1.0
1965,1.0
43844,1.0
2794,1.0
47622,1.0
19611,1.0
44489,1.0
42542,1.0
15602,1.0
46242,1.0
43769,1.0
30426,1.0
19041,1.0
32562,1.0
18469,1.0
10827,1.0
38910,1.0
30050,1.0
15401,1.0
20494,1.0
41049,1.0
33317,1.0
31624,1.0
43072,1.0
15927,1.0
8070,1.0
42482,1.0
22075,1.0
27695,1.0
26370,1.0
35471,1.0
20575,1.0
42282,1.0
3406,1.0
36941,1.0
9239,1.0
21463,1.0
43575,1.0
17310,1.0
33694,1.0
15276,1.0
10647,1.0
13352,1.0
814,1.0
6658,1.0
37841,1.0
8023,1.0
15660,1.0
15216,1.0
44002,1.0
42722,1.0
15548,1.0
3865,1.0
1156,1.0
11263,1.0
38279,1.0
16376,1.0
3286,1.0
9255,1.0
17049,1.0
41583,1.0
11231,1.0
33117,1.0
36502,1.0
47574,1.0
18011,1.0
16192,1.0
6756,1.0
43892,1.0
21057,1.0
3491,1.0
16014,1.0
31368,1.0
12894,1.0
13022,1.0
25793,1.0
22189,1.0
26742,1.0
32326,1.0
22739,1.0
30062,1.0
46616,1.0
29857,1.0
9452,1.0
30300,1.0
24677,1.0
3038,1.0
41324,1.0
27966,1.0
11127,1.0
11949,1.0
29532,1.0
45027,1.0
12873,1.0
39592,1.0
28734,1.0
7648,1.0
26398,1.0
21251,1.0
42672,1.0
42852,1.0
28947,1.0
28825,1.0
42188,1.0
16220,1.0
6642,1.0
31416,1.0
9039,1.0
23597,1.0
22115,1.0
21186,1.0
20967,1.0
30644,1.0
15137,1.0
18459,1.0
44610,1.0
32938,1.0
6634,1.0
2861,1.0
31120,1.0
19713,1.0
7826,1.0
29703,1.0
32048,1.0
28187,1.0
5784,1.0
1437,1.0
28499,1.0
3582,1.0
33528,1.0
11617,1.0
37963,1.0
47172,1.0
32540,1.0
27967,1.0
31125,1.0
32295,1.0
40480,1.0
31805,1.0
15017,1.0
25028,1.0
19940,1.0
6652,1.0
31461,1.0
19714,1.0
41791,1.0
22228,1.0
29671,1.0
39591,1.0
47496,1.0
7404,1.0
28332,1.0
8760,1.0
8062,1.0
21997,1.0
29503,1.0
8495,1.0
37861,1.0
3487,1.0
8264,1.0
21982,1.0
7441,1.0
9479,1.0
5992,1.0
2746,1.0
36279,1.0
29354,1.0
24315,1.0
21113,1.0
7718,1.0
6704,1.0
25598,1.0
3640,1.0
11328,1.0
34324,1.0
32783,1.0
4015,1.0
14385,1.0
19,1.0
22982,1.0
28140,1.0
25868,1.0
8665,1.0
29925,1.0
5907,1.0
18504,1.0
33586,1.0
47138,1.0
43178,1.0
34548,1.0
16926,1.0
33534,1.0
7570,1.0
11877,1.0
11186,1.0
7627,1.0
31312,1.0
31921,1.0
47954,1.0
20253,1.0
42427,1.0
44135,1.0
35055,1.0
10510,1.0
4236,1.0
4512,1.0
2728,1.0
18198,1.0
23942,1.0
36206,1.0
39940,1.0
41787,1.0
41066,1.0
36460,1.0
8959,1.0
15218,1.0
31648,1.0
43272,1.0
9557,1.0
17409,1.0
42241,1.0
32721,1.0
17000,1.0
21675,1.0
11692,1.0
37758,1.0
23775,1.0
41373,1.0
5256,1.0
43179,1.0
38270,1.0
4951,1.0
45078,1.0
33541,1.0
41823,1.0
25859,1.0
14899,1.0
1791,1.0
46052,1.0
45319,1.0
30339,1.0
19763,1.0
2439,1.0
9710,1.0
37329,1.0
7386,1.0
25235,1.0
37730,1.0
36832,1.0
45616,1.0
3879,1.0
8276,1.0
41764,1.0
34131,1.0
33611,1.0
25993,1.0
41464,1.0
30012,1.0
3911,1.0
39434,1.0
18838,1.0
42167,1.0
32741,1.0
19573,1.0
34987,1.0
22015,1.0
12782,1.0
46478,1.0
14568,1.0
34906,1.0
11550,1.0
2094,1.0
47436,1.0
39510,1.0
12356,1.0
24360,1.0
40071,1.0
43347,1.0
21038,1.0
44953,1.0
24744,1.0
14807,1.0
39906,1.0
18639,1.0
7822,1.0
41976,1.0
9926,1.0
21138,1.0
29673,1.0
27714,1.0
35197,1.0
3465,1.0
15756,1.0
45161,1.0
28658,1.0
43484,1.0
25475,1.0
41539,1.0
28912,1.0
12819,1.0
34928,1.0
45365,1.0
9025,1.0
19627,1.0
31902,1.0
8306,1.0
28377,1.0
27435,1.0
36675,1.0
30358,1.0
177,1.0
34323,1.0
42437,1.0
25025,1.0
21128,1.0
35731,1.0
29247,1.0
8258,1.0
2435,1.0
15581,1.0
27104,1.0
5077,1.0
4862,1.0
18120,1.0
18274,1.0
32341,1.0
31518,1.0
39041,1.0
9045,1.0
33325,1.0
36148,1.0
9145,1.0
42900,1.0
32838,1.0
38905,1.0
27270,1.0
12367,1.0
18778,1.0
40739,1.0
2511,1.0
44248,1.0
20612,1.0
34213,1.0
18236,1.0
27720,1.0
39238,1.0
39561,1.0
22692,1.0
5111,1.0
7674,1.0
31593,1.0
24433,1.0
13322,1.0
28634,1.0
42346,1.0
40028,1.0
27085,1.0
29349,1.0
8283,1.0
780,1.0
39957,1.0
32122,1.0
38253,1.0
16671,1.0
26915,1.0
33718,1.0
39486,1.0
28128,1.0
9646,1.0
1477,1.0
32983,1.0
8889,1.0
35081,1.0
36933,1.0
35629,1.0
29292,1.0
37233,1.0
39951,1.0
46310,1.0
11254,1.0
32408,1.0
17697,1.0
43256,1.0
44941,1.0
17475,1.0
34711,1.0
18027,1.0
5521,1.0
30029,1.0
9517,1.0
2726,1.0
236,1.0
40443,1.0
40793,1.0
41108,1.0
37909,1.0
3076,1.0
32612,1.0
47398,1.0
6717,1.0
3437,1.0
22735,1.0
35826,1.0
31863,1.0
43915,1.0
3230,1.0
11785,1.0
9272,1.0
4250,1.0
14620,1.0
8247,1.0
31799,1.0
37484,1.0
1519,1.0
19309,1.0
42520,1.0
3543,1.0
22591,1.0
43601,1.0
4104,1.0
22321,1.0
25142,1.0
34898,1.0
47090,1.0
26886,1.0
40394,1.0
2535,1.0
36702,1.0
18535,1.0
16912,1.0
19919,1.0
18207,1.0
19298,1.0
33123,1.0
30450,1.0
11421,1.0
29040,1.0
9702,1.0
22876,1.0
39403,1.0
19708,1.0
8961,1.0
5170,1.0
32823,1.0
32146,1.0
41295,1.0
25535,1.0
25616,1.0
12426,1.0
39178,1.0
46405,1.0
11955,1.0
22900,1.0
3422,1.0
58,1.0
1835,1.0
20283,1.0
15266,1.0
25718,1.0
45945,1.0
33571,1.0
33424,1.0
24335,1.0
41056,1.0
39078,1.0
11933,1.0
14283,1.0
20429,1.0
37601,1.0
23408,1.0
868,1.0
17237,1.0
25997,1.0
32660,1.0
32990,1.0
23993,1.0
44763,1.0
36894,1.0
44824,1.0
35541,1.0
1658,1.0
25692,1.0
42020,1.0
286,1.0
16766,1.0
40951,1.0
12444,1.0
33480,1.0
22703,1.0
33814,1.0
10503,1.0
42229,1.0
4556,1.0
25730,1.0
3191,1.0
31816,1.0
39910,1.0
42670,1.0
27864,1.0
16743,1.0
3744,1.0
4509,1.0
19129,1.0
9278,1.0
27032,1.0
18468,1.0
12207,1.0
25162,1.0
17520,1.0
27311,1.0
46120,1.0
30739,1.0
18828,1.0
1742,1.0
5759,1.0
27558,1.0
16149,1.0
35157,1.0
13102,1.0
17668,1.0
42405,1.0
29397,1.0
2231,1.0
9719,1.0
39989,1.0
37982,1.0
26913,1.0
14308,1.0
31492,1.0
21106,1.0
47304,1.0
10687,1.0
7548,1.0
44578,1.0
23390,1.0
22235,1.0
24307,1.0
15233,1.0
4294,1.0
43996,1.0
46347,1.0
46355,1.0
39529,1.0
7545,1.0
2120,1.0
47741,1.0
22816,1.0
1849,1.0
13154,1.0
3072,1.0
40502,1.0
19590,1.0
5287,1.0
37364,1.0
27634,1.0
25522,1.0
14777,1.0
33001,1.0
24029,1.0
40633,1.0
4813,1.0
35671,1.0
42873,1.0
17297,1.0
13609,1.0
33275,1.0
29121,1.0
25967,1.0
36728,1.0
30365,1.0
3309,1.0
45059,1.0
455,1.0
26897,1.0
25439,1.0
13074,1.0
28919,1.0
43947,1.0
22312,1.0
42561,1.0
24290,1.0
37275,1.0
5067,1.0
9467,1.0
24420,1.0
46364,1.0
33606,1.0
6493,1.0
11611,1.0
29812,1.0
44611,1.0
18044,1.0
7155,1.0
8696,1.0
18510,1.0
14441,1.0
28267,1.0
22061,1.0
26797,1.0
34803,1.0
7097,1.0
6033,1.0
12157,1.0
10077,1.0
17810,1.0
14890,1.0
11266,1.0
17578,1.0
15488,1.0
1255,1.0
3455,1.0
43754,1.0
7553,1.0
23705,1.0
2277,1.0
13862,1.0
21607,1.0
38188,1.0
13005,1.0
8361,1.0
13606,1.0
39109,1.0
28874,1.0
40530,1.0
17796,1.0
20759,1.0
33410,1.0
36837,1.0
14205,1.0
14329,1.0
16433,1.0
37162,1.0
45106,1.0
24872,1.0
12097,1.0
27171,1.0
24681,1.0
491,1.0
38675,1.0
34247,1.0
23324,1.0
40504,1.0
28863,1.0
3242,1.0
46869,1.0
47384,1.0
47290,1.0
8805,1.0
27485,1.0
7056,1.0
30941,1.0
22551,1.0
12067,1.0
9203,1.0
26965,1.0
24293,1.0
40001,1.0
43747,1.0
24450,1.0
21706,1.0
8338,1.0
35692,1.0
3424,1.0
47333,1.0
7416,1.0
45105,1.0
13895,1.0
38251,1.0
33363,1.0
23909,1.0
40027,1.0
34765,1.0
11951,1.0
2476,1.0
36776,1.0
8031,1.0
29466,1.0
16757,1.0
16928,1.0
32841,1.0
577,1.0
40583,1.0
41399,1.0
874,1.0
20869,1.0
5934,1.0
34035,1.0
8222,1.0
45077,1.0
34419,1.0
30303,1.0
28758,1.0
9781,1.0
12321,1.0
8127,1.0
5750,1.0
44414,1.0
14042,1.0
34715,1.0
17308,1.0
27226,1.0
5195,1.0
7153,1.0
29074,1.0
44713,1.0
988,1.0
41246,1.0
24824,1.0
27505,1.0
21734,1.0
13864,1.0
15579,1.0
138,1.0
28043,1.0
11932,1.0
47679,1.0
2331,1.0
43351,1.0
17262,1.0
15824,1.0
8635,1.0
12155,1.0
2846,1.0
24537,1.0
7333,1.0
28756,1.0
3270,1.0
43815,1.0
25061,1.0
222,1.0
7963,1.0
16803,1.0
23298,1.0
22579,1.0
24836,1.0
24166,1.0
3218,1.0
42095,1.0
1887,1.0
37476,1.0
7177,1.0
35007,1.0
38081,1.0
30347,1.0
23955,1.0
38010,1.0
15629,1.0
6896,1.0
28471,1.0
8441,1.0
29694,1.0
44485,1.0
22148,1.0
19127,1.0
28661,1.0
32183,1.0
11386,1.0
22081,1.0
16980,1.0
4609,1.0
32547,1.0
19770,1.0
26101,1.0
20969,1.0
27289,1.0
19360,1.0
16200,1.0
33119,1.0
6300,1.0
26463,1.0
28665,1.0
8719,1.0
5258,1.0
38229,1.0
43862,1.0
43312,1.0
14119,1.0
41694,1.0
38187,1.0
24175,1.0
47080,1.0
25017,1.0
32597,1.0
33617,1.0
9828,1.0
46897,1.0
12370,1.0
14439,1.0
3288,1.0
45546,1.0
29063,1.0
42515,1.0
14603,1.0
13967,1.0
8497,1.0
3484,1.0
27757,1.0
44040,1.0
47005,1.0
39429,1.0
41970,1.0
30194,1.0
31629,1.0
26746,1.0
15783,1.0
23084,1.0
22817,1.0
35346,1.0
16418,1.0
41598,1.0
29593,1.0
36627,1.0
5008,1.0
47306,1.0
44202,1.0
11255,1.0
10649,1.0
37269,1.0
46309,1.0
31496,1.0
42452,1.0
40215,1.0
14355,1.0
15745,1.0
1222,1.0
18457,1.0
10043,1.0
36379,1.0
23714,1.0
44670,1.0
34694,1.0
19981,1.0
34988,1.0
46516,1.0
17576,1.0
9153,1.0
45352,1.0
19265,1.0
46632,1.0
27446,1.0
14607,1.0
78,1.0
31947,1.0
13756,1.0
43706,1.0
40767,1.0
34238,1.0
15347,1.0
11693,1.0
794,1.0
38079,1.0
36467,1.0
38608,1.0
14322,1.0
16850,1.0
28816,1.0
33504,1.0
14363,1.0
13141,1.0
32488,1.0
6327,1.0
11361,1.0
20050,1.0
37228,1.0
15776,1.0
35301,1.0
36577,1.0
6154,1.0
19511,1.0
18242,1.0
31250,1.0
41590,1.0
47169,1.0
6979,1.0
29272,1.0
22083,1.0
32451,1.0
23754,1.0
42871,1.0
6557,1.0
2143,1.0
11288,1.0
35135,1.0
35797,1.0
33049,1.0
39003,1.0
35473,1.0
43681,1.0
20715,1.0
2784,1.0
22069,1.0
23126,1.0
24688,1.0
3693,1.0
28215,1.0
30443,1.0
43163,1.0
5591,1.0
35036,1.0
29468,1.0
26128,1.0
16194,1.0
21848,1.0
46025,1.0
40497,1.0
26068,1.0
22106,1.0
8095,1.0
14912,1.0
35505,1.0
32915,1.0
40090,1.0
25314,1.0
36478,1.0
7220,1.0
10545,1.0
30648,1.0
1707,1.0
10656,1.0
21201,1.0
28971,1.0
14712,1.0
46938,1.0
18681,1.0
16160,1.0
2817,1.0
19539,1.0
36663,1.0
24032,1.0
18291,1.0
18052,1.0
41732,1.0
34357,1.0
19992,1.0
1790,1.0
17471,1.0
13235,1.0
29383,1.0
30999,1.0
1189,1.0
38763,1.0
15992,1.0
16778,1.0
39155,1.0
43731,1.0
14447,1.0
14047,1.0
20201,1.0
18968,1.0
31410,1.0
35935,1.0
12131,1.0
2081,1.0
8130,1.0
33042,1.0
30237,1.0
47855,1.0
41187,1.0
6622,1.0
67,1.0
8371,1.0
3016,1.0
14427,1.0
14269,1.0
5267,1.0
9881,1.0
3500,1.0
16637,1.0
12206,1.0
39719,1.0
8632,1.0
28324,1.0
11976,1.0
43557,1.0
14,1.0
11806,1.0
15247,1.0
5482,1.0
19987,1.0
36316,1.0
13632,1.0
6848,1.0
21716,1.0
9070,1.0
23736,1.0
13747,1.0
23590,1.0
22478,1.0
35870,1.0
23107,1.0
34704,1.0
17247,1.0
1756,1.0
37000,1.0
23166,1.0
29032,1.0
40956,1.0
3439,1.0
14879,1.0
31214,1.0
44378,1.0
14946,1.0
37918,1.0
19020,1.0
22197,1.0
46409,1.0
22644,1.0
8753,1.0
17601,1.0
5203,1.0
46766,1.0
46212,1.0
11680,1.0
18511,1.0
16004,1.0
33258,1.0
15199,1.0
42273,1.0
23666,1.0
11180,1.0
30092,1.0
43763,1.0
27402,1.0
33198,1.0
7644,1.0
7892,1.0
37806,1.0
46648,1.0
15665,1.0
18179,1.0
7790,1.0
38793,1.0
8669,1.0
36052,1.0
35087,1.0
15111,1.0
15191,1.0
11651,1.0
13764,1.0
11084,1.0
47258,1.0
17829,1.0
38326,1.0
12503,1.0
44631,1.0
11606,1.0
36960,1.0
41131,1.0
24947,1.0
4251,1.0
16676,1.0
21520,1.0
41318,1.0
18184,1.0
23949,1.0
32116,1.0
22132,1.0
2366,1.0
39988,1.0
12693,1.0
34604,1.0
17107,1.0
1228,1.0
12205,1.0
24196,1.0
22718,1.0
39193,1.0
28356,1.0
23292,1.0
46170,1.0
7691,1.0
618,1.0
23555,1.0
36909,1.0
20917,1.0
4539,1.0
36799,1.0
42322,1.0
27290,1.0
24225,1.0
14827,1.0
14799,1.0
24815,1.0
7501,1.0
4357,1.0
15002,1.0
37385,1.0
32511,1.0
45660,1.0
43231,1.0
45473,1.0
15585,1.0
21346,1.0
15237,1.0
11406,1.0
19268,1.0
28536,1.0
32794,1.0
16990,1.0
2172,1.0
14460,1.0
29755,1.0
9662,1.0
8818,1.0
24606,1.0
44590,1.0
33234,1.0
43960,1.0
35050,1.0
46813,1.0
12694,1.0
45838,1.0
46433,1.0
43397,1.0
34925,1.0
28378,1.0
33366,1.0
26682,1.0
9327,1.0
6569,1.0
12883,1.0
30452,1.0
42828,1.0
4930,1.0
22220,1.0
5319,1.0
30912,1.0
43339,1.0
24253,1.0
13481,1.0
32499,1.0
36457,1.0
13424,1.0
12640,1.0
42535,1.0
26290,1.0
8591,1.0
41133,1.0
22775,1.0
1800,1.0
38445,1.0
10698,1.0
45034,1.0
3644,1.0
26853,1.0
25823,1.0
28488,1.0
26481,1.0
11571,1.0
44917,1.0
10014,1.0
11721,1.0
46371,1.0
27039,1.0
19026,1.0
24011,1.0
24154,1.0
6025,1.0
17068,1.0
16378,1.0
25445,1.0
8138,1.0
14348,1.0
37299,1.0
28653,1.0
44152,1.0
21092,1.0
10722,1.0
39717,1.0
16216,1.0
2860,1.0
14029,1.0
9742,1.0
40565,1.0
3965,1.0
35804,1.0
31872,1.0
13459,1.0
11551,1.0
25479,1.0
46746,1.0
106,1.0
479,1.0
20508,1.0
14731,1.0
27556,1.0
36920,1.0
45331,1.0
32387,1.0
36292,1.0
20522,1.0
8791,1.0
45289,1.0
20977,1.0
31219,1.0
39375,1.0
43049,1.0
29494,1.0
31167,1.0
18234,1.0
26825,1.0
32560,1.0
23385,1.0
7111,1.0
22188,1.0
46175,1.0
11350,1.0
23282,1.0
45663,1.0
4622,1.0
21173,1.0
43515,1.0
28277,1.0
1290,1.0
36538,1.0
33141,1.0
16398,1.0
19565,1.0
44205,1.0
13754,1.0
45092,1.0
27599,1.0
9645,1.0
20005,1.0
14681,1.0
33925,1.0
8567,1.0
13677,1.0
42703,1.0
22522,1.0
16673,1.0
47918,1.0
8089,1.0
42153,1.0
27132,1.0
32828,1.0
41775,1.0
35594,1.0
7149,1.0
42286,1.0
40959,1.0
30228,1.0
36390,1.0
23241,1.0
19900,1.0
30191,1.0
18610,1.0
40009,1.0
25443,1.0
42112,1.0
16341,1.0
5810,1.0
47616,1.0
11037,1.0
42850,1.0
33444,1.0
5580,1.0
46690,1.0
19271,1.0
36970,1.0
18350,1.0
31426,1.0
31608,1.0
6258,1.0
34776,1.0
24282,1.0
34118,1.0
36188,1.0
28944,1.0
35365,1.0
3567,1.0
845,1.0
35496,1.0
5691,1.0
16985,1.0
7252,1.0
40859,1.0
7150,1.0
12102,1.0
20724,1.0
36544,1.0
47329,1.0
32963,1.0
6483,1.0
16875,1.0
47728,1.0
23474,1.0
22481,1.0
6667,1.0
24555,1.0
27555,1.0
39443,1.0
40695,1.0
40623,1.0
34087,1.0
29976,1.0
14780,1.0
40198,1.0
40092,1.0
31484,1.0
45609,1.0
148,1.0
38835,1.0
27086,1.0
5648,1.0
7835,1.0
22732,1.0
37655,1.0
42826,1.0
31068,1.0
15985,1.0
28882,1.0
92,1.0
17799,1.0
35374,1.0
4865,1.0
3958,1.0
15253,1.0
18908,1.0
1212,1.0
8672,1.0
12332,1.0
17915,1.0
15250,1.0
25952,1.0
2656,1.0
13082,1.0
38895,1.0
18452,1.0
32062,1.0
31913,1.0
19073,1.0
16882,1.0
38174,1.0
26574,1.0
517,1.0
17356,1.0
38493,1.0
40990,1.0
7767,1.0
9900,1.0
1592,1.0
11972,1.0
13494,1.0
27732,1.0
14709,1.0
42967,1.0
3063,1.0
20121,1.0
4599,1.0
43729,1.0
25655,1.0
34007,1.0
41207,1.0
37734,1.0
42717,1.0
24560,1.0
697,1.0
28296,1.0
32759,1.0
1779,1.0
41286,1.0
562,1.0
21157,1.0
46621,1.0
3931,1.0
28489,1.0
46029,1.0
40135,1.0
38450,1.0
16081,1.0
6581,1.0
30350,1.0
31143,1.0
41367,1.0
29192,1.0
38634,1.0
20472,1.0
42115,1.0
26954,1.0
36041,1.0
7596,1.0
10168,1.0
16063,1.0
13950,1.0
27028,1.0
41428,1.0
143,1.0
24843,1.0
25856,1.0
12271,1.0
11309,1.0
23267,1.0
12328,1.0
8294,1.0
14459,1.0
44647,1.0
24236,1.0
28751,1.0
7995,1.0
47223,1.0
27756,1.0
36696,1.0
15882,1.0
11298,1.0
41854,1.0
12398,1.0
23861,1.0
23152,1.0
6529,1.0
6892,1.0
19037,1.0
41472,1.0
47063,1.0
47206,1.0
2002,1.0
31101,1.0
4510,1.0
38093,1.0
34451,1.0
34274,1.0
32659,1.0
24247,1.0
39148,1.0
11257,1.0
21146,1.0
23690,1.0
40129,1.0
11004,1.0
1461,1.0
42740,1.0
12641,1.0
42306,1.0
14392,1.0
14861,1.0
28739,1.0
39124,1.0
41213,1.0
22911,1.0
8078,1.0
16871,1.0
6249,1.0
3562,1.0
23842,1.0
38355,1.0
20462,1.0
11116,1.0
9451,1.0
36895,1.0
13573,1.0
28353,1.0
18901,1.0
30044,1.0
28964,1.0
28079,1.0
14644,1.0
19183,1.0
29578,1.0
37516,1.0
47045,1.0
37684,1.0
27479,1.0
9279,1.0
46498,1.0
6806,1.0
4017,1.0
20402,1.0
5358,1.0
15813,1.0
7765,1.0
34916,1.0
31098,1.0
27884,1.0
6390,1.0
22566,1.0
45866,1.0
21292,1.0
8930,1.0
36037,1.0
6695,1.0
18323,1.0
28640,1.0
33322,1.0
19504,1.0
4307,1.0
2530,1.0
33413,1.0
46193,1.0
8631,1.0
28030,1.0
29476,1.0
7688,1.0
31470,1.0
9346,1.0
27184,1.0
12115,1.0
19125,1.0
16848,1.0
413,1.0
8642,1.0
5331,1.0
43786,1.0
42461,1.0
24937,1.0
46917,1.0
13402,1.0
3811,1.0
47800,1.0
9101,1.0
32568,1.0
7802,1.0
3789,1.0
31030,1.0
21745,1.0
30240,1.0
33868,1.0
30974,1.0
33976,1.0
43820,1.0
24714,1.0
41336,1.0
24512,1.0
38454,1.0
45110,1.0
36707,1.0
13251,1.0
25550,1.0
21723,1.0
42925,1.0
33710,1.0
35388,1.0
6720,1.0
3007,1.0
25114,1.0
36955,1.0
13029,1.0
31520,1.0
39992,1.0
47743,1.0
13031,1.0
47231,1.0
17711,1.0
25930,1.0
37694,1.0
533,1.0
44324,1.0
25824,1.0
598,1.0
26849,1.0
23792,1.0
36995,1.0
2554,1.0
21870,1.0
4679,1.0
11656,1.0
20935,1.0
20134,1.0
11474,1.0
30776,1.0
38141,1.0
11411,1.0
23957,1.0
8794,1.0
15267,1.0
16538,1.0
4195,1.0
3053,1.0
1013,1.0
6222,1.0
47671,1.0
13948,1.0
42318,1.0
36753,1.0
3791,1.0
50,1.0
36614,1.0
4792,1.0
9623,1.0
545,1.0
41248,1.0
8916,1.0
45844,1.0
42508,1.0
29496,1.0
21078,1.0
34992,1.0
44439,1.0
11561,1.0
8074,1.0
2395,1.0
1751,1.0
29166,1.0
22645,1.0
32392,1.0
38645,1.0
19908,1.0
17600,1.0
13942,1.0
16665,1.0
3825,1.0
36926,1.0
22074,1.0
32291,1.0
2138,1.0
43741,1.0
28913,1.0
39097,1.0
44431,1.0
38384,1.0
35508,1.0
10865,1.0
22227,1.0
16098,1.0
22261,1.0
14769,1.0
34861,1.0
25933,1.0
43092,1.0
40776,1.0
1647,1.0
14318,1.0
35540,1.0
29931,1.0
32504,1.0
13784,1.0
18408,1.0
43052,1.0
38536,1.0
11157,1.0
18121,1.0
36339,1.0
34848,1.0
38625,1.0
19396,1.0
20809,1.0
29760,1.0
27584,1.0
14595,1.0
41179,1.0
41129,1.0
4064,1.0
29111,1.0
29765,1.0
17487,1.0
2028,1.0
13174,1.0
39821,1.0
22660,1.0
45065,1.0
4168,1.0
8913,1.0
34690,1.0
8436,1.0
45450,1.0
45381,1.0
37940,1.0
1724,1.0
37890,1.0
7470,1.0
26541,1.0
4832,1.0
42560,1.0
41715,1.0
46460,1.0
1118,1.0
1680,1.0
16784,1.0
7043,1.0
2855,1.0
17267,1.0
31090,1.0
432,1.0
41735,1.0
5949,1.0
11290,1.0
5119,1.0
38075,1.0
15286,1.0
44765,1.0
275,1.0
4890,1.0
45399,1.0
1811,1.0
41178,1.0
28946,1.0
8990,1.0
27507,1.0
6007,1.0
5412,1.0
45431,1.0
32079,1.0
31623,1.0
7350,1.0
43669,1.0
28740,1.0
4857,1.0
30581,1.0
19784,1.0
35738,1.0
18738,1.0
6577,1.0
44302,1.0
12600,1.0
10956,1.0
32667,1.0
16989,1.0
9672,1.0
45412,1.0
10489,1.0
8324,1.0
18590,1.0
37167,1.0
158,1.0
12775,1.0
27178,1.0
36461,1.0
30512,1.0
29596,1.0
31346,1.0
14564,1.0
15051,1.0
20412,1.0
42367,1.0
1698,1.0
34469,1.0
47143,1.0
42764,1.0
39369,1.0
46301,1.0
25880,1.0
15609,1.0
19863,1.0
9469,1.0
22947,1.0
17894,1.0
1334,1.0
3974,1.0
16520,1.0
27753,1.0
37789,1.0
14452,1.0
21567,1.0
10661,1.0
7985,1.0
16615,1.0
27258,1.0
29624,1.0
3259,1.0
23846,1.0
34398,1.0
37383,1.0
38926,1.0
25857,1.0
21363,1.0
9481,1.0
24729,1.0
46681,1.0
2005,1.0
42647,1.0
10180,1.0
18068,1.0
38240,1.0
22536,1.0
32391,1.0
18789,1.0
22974,1.0
34329,1.0
14893,1.0
16767,1.0
12661,1.0
28280,1.0
31401,1.0
37172,1.0
47923,1.0
18241,1.0
38041,1.0
45459,1.0
743,1.0
42821,1.0
36131,1.0
6318,1.0
13593,1.0
17390,1.0
34101,1.0
457,1.0
13183,1.0
1337,1.0
20495,1.0
37185,1.0
44298,1.0
16367,1.0
8475,1.0
23389,1.0
2771,1.0
24799,1.0
46846,1.0
40705,1.0
7571,1.0
36274,1.0
45303,1.0
8580,1.0
15304,1.0
40835,1.0
12755,1.0
804,1.0
26304,1.0
4564,1.0
1457,1.0
30815,1.0
32621,1.0
28161,1.0
34193,1.0
7834,1.0
22787,1.0
17839,1.0
2856,1.0
6913,1.0
11847,1.0
25524,1.0
20830,1.0
26319,1.0
324,1.0
21935,1.0
33990,1.0
14571,1.0
15463,1.0
1295,1.0
42462,1.0
13737,1.0
39497,1.0
47893,1.0
8392,1.0
34599,1.0
38602,1.0
35020,1.0
46262,1.0
46018,1.0
5943,1.0
46441,1.0
28052,1.0
37291,1.0
23020,1.0
12917,1.0
34722,1.0
17881,1.0
14114,1.0
20600,1.0
43492,1.0
22157,1.0
5672,1.0
19370,1.0
2413,1.0
10256,1.0
27636,1.0
20616,1.0
42139,1.0
9970,1.0
24321,1.0
13315,1.0
11118,1.0
45357,1.0
27996,1.0
26234,1.0
28646,1.0
7918,1.0
21988,1.0
25264,1.0
6678,1.0
31209,1.0
9340,1.0
34454,1.0
28785,1.0
22812,1.0
9870,1.0
5329,1.0
41441,1.0
107,1.0
14556,1.0
11830,1.0
19390,1.0
40810,1.0
23814,1.0
45978,1.0
2643,1.0
36273,1.0
27696,1.0
45563,1.0
23133,1.0
16681,1.0
36495,1.0
21857,1.0
33138,1.0
19169,1.0
3485,1.0
43366,1.0
45449,1.0
2102,1.0
30703,1.0
37193,1.0
1155,1.0
22129,1.0
44421,1.0
38942,1.0
8621,1.0
12810,1.0
11686,1.0
18640,1.0
44836,1.0
15959,1.0
34428,1.0
9780,1.0
25892,1.0
29919,1.0
33310,1.0
21830,1.0
32147,1.0
25316,1.0
46800,1.0
23255,1.0
1014,1.0
46255,1.0
19306,1.0
5278,1.0
7542,1.0
12510,1.0
26806,1.0
40777,1.0
44698,1.0
8624,1.0
724,1.0
3889,1.0
13477,1.0
29130,1.0
16150,1.0
18565,1.0
920,1.0
43414,1.0
10269,1.0
28876,1.0
15723,1.0
27706,1.0
12420,1.0
36967,1.0
26870,1.0
15945,1.0
40017,1.0
33664,1.0
34074,1.0
34450,1.0
15234,1.0
13248,1.0
19924,1.0
44057,1.0
38863,1.0
34685,1.0
35587,1.0
11717,1.0
32505,1.0
42953,1.0
3631,1.0
39396,1.0
11423,1.0
6490,1.0
11188,1.0
28162,1.0
22855,1.0
5828,1.0
37673,1.0
10580,1.0
1293,1.0
26408,1.0
28680,1.0
23114,1.0
9083,1.0
43135,1.0
37678,1.0
12414,1.0
21972,1.0
650,1.0
17393,1.0
36701,1.0
5375,1.0
44050,1.0
38011,1.0
45830,1.0
37866,1.0
2003,1.0
28887,1.0
24672,1.0
31205,1.0
29322,1.0
36818,1.0
44617,1.0
40414,1.0
11305,1.0
32713,1.0
12631,1.0
27489,1.0
20930,1.0
38291,1.0
22299,1.0
32975,1.0
27261,1.0
5568,1.0
14621,1.0
39262,1.0
43663,1.0
2237,1.0
40163,1.0
47227,1.0
7233,1.0
29991,1.0
11892,1.0
22794,1.0
36754,1.0
8869,1.0
7423,1.0
45056,1.0
23876,1.0
15451,1.0
1199,1.0
45682,1.0
40632,1.0
674,1.0
7477,1.0
207,1.0
26248,1.0
44815,1.0
44770,1.0
35274,1.0
36161,1.0
4613,1.0
42523,1.0
36617,1.0
27292,1.0
27176,1.0
31878,1.0
36094,1.0
313,1.0
28553,1.0
24082,1.0
22676,1.0
3714,1.0
31238,1.0
28959,1.0
12417,1.0
41359,1.0
36090,1.0
37097,1.0
42065,1.0
10622,1.0
6208,1.0
35348,1.0
45030,1.0
879,1.0
44902,1.0
47002,1.0
22745,1.0
34818,1.0
30641,1.0
41933,1.0
38359,1.0
46683,1.0
18963,1.0
10,1.0
37886,1.0
27013,1.0
34788,1.0
12031,1.0
45275,1.0
45536,1.0
27338,1.0
41325,1.0
13123,1.0
4151,1.0
32872,1.0
8148,1.0
37559,1.0
3239,1.0
12735,1.0
38241,1.0
21314,1.0
32311,1.0
4782,1.0
27701,1.0
1855,1.0
39184,1.0
39030,1.0
40056,1.0
34780,1.0
16486,1.0
37623,1.0
28939,1.0
32601,1.0
25817,1.0
1213,1.0
45095,1.0
25266,1.0
28556,1.0
15746,1.0
1664,1.0
44973,1.0
38094,1.0
44957,1.0
14543,1.0
37277,1.0
8731,1.0
33723,1.0
22143,1.0
2467,1.0
1216,1.0
15986,1.0
33618,1.0
1942,1.0
4950,1.0
10383,1.0
2509,1.0
27111,1.0
26934,1.0
44665,1.0
21855,1.0
44477,1.0
560,1.0
23379,1.0
32731,1.0
25410,1.0
23257,1.0
43929,1.0
46286,1.0
9097,1.0
7941,1.0
26633,1.0
42212,1.0
2814,1.0
43229,1.0
39014,1.0
28601,1.0
31618,1.0
44447,1.0
10388,1.0
26246,1.0
740,1.0
30789,1.0
18114,1.0
21558,1.0
44995,1.0
7994,1.0
8683,1.0
17344,1.0
20217,1.0
34653,1.0
20240,1.0
16034,1.0
16345,1.0
26760,1.0
25714,1.0
32328,1.0
42398,1.0
21579,1.0
42664,1.0
29867,1.0
44356,1.0
41113,1.0
46047,1.0
31328,1.0
42685,1.0
2775,1.0
1737,1.0
19657,1.0
2967,1.0
38883,1.0
29043,1.0
33100,1.0
34507,1.0
26250,1.0
13520,1.0
36473,1.0
42526,1.0
22540,1.0
20554,1.0
18464,1.0
31353,1.0
47951,1.0
36108,1.0
27341,1.0
46239,1.0
43233,1.0
47583,1.0
1136,1.0
42170,1.0
27665,1.0
16260,1.0
34440,1.0
13026,1.0
5564,1.0
3557,1.0
8896,1.0
27434,1.0
4465,1.0
1399,1.0
39659,1.0
12925,1.0
17973,1.0
1955,1.0
2056,1.0
12733,1.0
45882,1.0
21267,1.0
40391,1.0
46941,1.0
17295,1.0
31513,1.0
40573,1.0
21710,1.0
29724,1.0
16463,1.0
13447,1.0
43986,1.0
31772,1.0
20666,1.0
14566,1.0
40907,1.0
38934,1.0
24807,1.0
9435,1.0
10460,1.0
27614,1.0
39527,1.0
45268,1.0
28192,1.0
720,1.0
7280,1.0
30719,1.0
5165,1.0
45235,1.0
10116,1.0
9,1.0
21979,1.0
30861,1.0
26643,1.0
28331,1.0
2108,1.0
25480,1.0
29853,1.0
43083,1.0
19572,1.0
7666,1.0
32455,1.0
32089,1.0
20233,1.0
19716,1.0
29885,1.0
22425,1.0
40915,1.0
35120,1.0
30934,1.0
10287,1.0
2396,1.0
9930,1.0
24578,1.0
20480,1.0
23313,1.0
43230,1.0
37326,1.0
9284,1.0
7730,1.0
22535,1.0
41953,1.0
26204,1.0
37466,1.0
28848,1.0
18489,1.0
5797,1.0
31605,1.0
19838,1.0
31063,1.0
12276,1.0
10571,1.0
5044,1.0
31941,1.0
35281,1.0
7885,1.0
36441,1.0
21122,1.0
31995,1.0
33631,1.0
2954,1.0
1297,1.0
15345,1.0
40146,1.0
2711,1.0
11113,1.0
27883,1.0
46807,1.0
37563,1.0
44254,1.0
16404,1.0
32094,1.0
41833,1.0
22176,1.0
1097,1.0
26249,1.0
34638,1.0
28399,1.0
941,1.0
28630,1.0
9616,1.0
32347,1.0
25689,1.0
22558,1.0
24856,1.0
39456,1.0
14097,1.0
375,1.0
1789,1.0
44026,1.0
42475,1.0
24775,1.0
43715,1.0
15032,1.0
22561,1.0
25011,1.0
38404,1.0
13324,1.0
11287,1.0
9894,1.0
31478,1.0
3314,1.0
40807,1.0
2321,1.0
40288,1.0
3785,1.0
6082,1.0
1129,1.0
14914,1.0
21729,1.0
23696,1.0
2808,1.0
39057,1.0
15738,1.0
39831,1.0
68,1.0
3645,1.0
35705,1.0
16137,1.0
25866,1.0
8411,1.0
41011,1.0
37225,1.0
30608,1.0
24668,1.0
4131,1.0
6359,1.0
40091,1.0
27588,1.0
42865,1.0
14549,1.0
9816,1.0
7806,1.0
7203,1.0
11080,1.0
6473,1.0
4451,1.0
31663,1.0
36240,1.0
31072,1.0
21792,1.0
22614,1.0
18432,1.0
37006,1.0
39255,1.0
31560,1.0
5396,1.0
42292,1.0
8180,1.0
26982,1.0
34059,1.0
39650,1.0
39062,1.0
35757,1.0
5107,1.0
8204,1.0
47250,1.0
16947,1.0
8526,1.0
40621,1.0
25549,1.0
4889,1.0
40389,1.0
872,1.0
39734,1.0
47874,1.0
20535,1.0
42757,1.0
41141,1.0
26779,1.0
19859,1.0
13958,1.0
26382,1.0
8300,1.0
47043,1.0
40563,1.0
10908,1.0
27785,1.0
7755,1.0
6709,1.0
28419,1.0
32145,1.0
28155,1.0
40274,1.0
28670,1.0
45241,1.0
22864,1.0
8944,1.0
43852,1.0
3018,1.0
26661,1.0
25794,1.0
5822,1.0
3448,1.0
20709,1.0
28403,1.0
42633,1.0
966,1.0
3273,1.0
7649,1.0
42887,1.0
9727,1.0
30266,1.0
35070,1.0
4992,1.0
43589,1.0
39619,1.0
23121,1.0
28577,1.0
29481,1.0
23455,1.0
44596,1.0
28294,1.0
12579,1.0
33690,1.0
23496,1.0
46753,1.0
12697,1.0
9643,1.0
9962,1.0
46655,1.0
44692,1.0
5898,1.0
35763,1.0
15215,1.0
24374,1.0
44207,1.0
22328,1.0
3548,1.0
44347,1.0
8192,1.0
16495,1.0
11886,1.0
23014,1.0
14790,1.0
42935,1.0
9717,1.0
8962,1.0
39634,1.0
40189,1.0
4303,1.0
30021,1.0
20530,1.0
24275,1.0
46557,1.0
33709,1.0
40166,1.0
25163,1.0
25385,1.0
42534,1.0
37939,1.0
28826,1.0
42793,1.0
35725,1.0
11210,1.0
8260,1.0
20011,1.0
14214,1.0
22214,1.0
28579,1.0
6595,1.0
42070,1.0
24654,1.0
2068,1.0
21539,1.0
46620,1.0
12586,1.0
45888,1.0
1033,1.0
14057,1.0
15157,1.0
10271,1.0
47866,1.0
16409,1.0
36080,1.0
20771,1.0
26257,1.0
37088,1.0
33730,1.0
41358,1.0
1926,1.0
3907,1.0
45478,1.0
3540,1.0
15103,1.0
39936,1.0
34148,1.0
16533,1.0
8073,1.0
33419,1.0
3101,1.0
11095,1.0
35425,1.0
5255,1.0
6516,1.0
41811,1.0
12168,1.0
21751,1.0
43282,1.0
25566,1.0
21934,1.0
32917,1.0
32645,1.0
36353,1.0
4258,1.0
23922,1.0
12365,1.0
1026,1.0
9841,1.0
10835,1.0
45000,1.0
12919,1.0
1190,1.0
22117,1.0
33596,1.0
10226,1.0
37281,1.0
32762,1.0
19756,1.0
17682,1.0
2349,1.0
23808,1.0
37836,1.0
43621,1.0
47135,1.0
11148,1.0
36729,1.0
39314,1.0
27255,1.0
2921,1.0
15277,1.0
29493,1.0
46958,1.0
45282,1.0
14129,1.0
105,1.0
34667,1.0
34654,1.0
20698,1.0
15338,1.0
7703,1.0
28972,1.0
14457,1.0
34321,1.0
3002,1.0
16625,1.0
47823,1.0
28167,1.0
5045,1.0
43382,1.0
23336,1.0
38965,1.0
40467,1.0
4887,1.0
1049,1.0
17872,1.0
34956,1.0
18420,1.0
36695,1.0
43942,1.0
141,1.0
5795,1.0
9102,1.0
1412,1.0
43213,1.0
27154,1.0
23046,1.0
15434,1.0
24222,1.0
1768,1.0
14559,1.0
10676,1.0
26718,1.0
28051,1.0
41713,1.0
23969,1.0
27037,1.0
33940,1.0
44165,1.0
46391,1.0
35030,1.0
8772,1.0
40358,1.0
33748,1.0
39182,1.0
5741,1.0
28309,1.0
18964,1.0
29644,1.0
46702,1.0
39903,1.0
1422,1.0
21849,1.0
28060,1.0
37599,1.0
23890,1.0
44151,1.0
11993,1.0
37547,1.0
42579,1.0
9370,1.0
19392,1.0
10779,1.0
33530,1.0
8603,1.0
42190,1.0
45975,1.0
43073,1.0
16264,1.0
45085,1.0
884,1.0
38321,1.0
42085,1.0
5053,1.0
26281,1.0
47805,1.0
17191,1.0
10794,1.0
33402,1.0
36580,1.0
16058,1.0
22867,1.0
35395,1.0
2526,1.0
23415,1.0
5427,1.0
37908,1.0
36429,1.0
44895,1.0
31188,1.0
22936,1.0
36660,1.0
4775,1.0
35907,1.0
32242,1.0
25820,1.0
21049,1.0
32058,1.0
16394,1.0
19498,1.0
6021,1.0
3996,1.0
30646,1.0
12064,1.0
24833,1.0
40471,1.0
1120,1.0
28097,1.0
6346,1.0
10743,1.0
36225,1.0
29070,1.0
26818,1.0
18364,1.0
15256,1.0
12498,1.0
47597,1.0
16259,1.0
7796,1.0
47460,1.0
4700,1.0
28807,1.0
30030,1.0
43902,1.0
19524,1.0
23266,1.0
28055,1.0
19110,1.0
12279,1.0
29993,1.0
4446,1.0
22382,1.0
25755,1.0
42816,1.0
24398,1.0
24181,1.0
30579,1.0
29519,1.0
3668,1.0
20764,1.0
33183,1.0
44317,1.0
6486,1.0
1040,1.0
13745,1.0
9845,1.0
46227,1.0
43260,1.0
39167,1.0
4343,1.0
1746,1.0
817,1.0
30607,1.0
2297,1.0
15854,1.0
36291,1.0
39758,1.0
5350,1.0
24254,1.0
47225,1.0
19106,1.0
26707,1.0
47298,1.0
17926,1.0
12395,1.0
13961,1.0
43536,1.0
11808,1.0
14814,1.0
20864,1.0
45477,1.0
36234,1.0
46590,1.0
46942,1.0
2075,1.0
34316,1.0
12011,1.0
36628,1.0
47121,1.0
36377,1.0
47207,1.0
30243,1.0
23,1.0
24056,1.0
11607,1.0
11365,1.0
20068,1.0
44056,1.0
40408,1.0
13391,1.0
47647,1.0
32570,1.0
37323,1.0
33943,1.0
2399,1.0
1110,1.0
7013,1.0
36623,1.0
22872,1.0
29331,1.0
33082,1.0
33544,1.0
47195,1.0
21205,1.0
20684,1.0
46952,1.0
39493,1.0
7505,1.0
42208,1.0
31557,1.0
40858,1.0
20297,1.0
21457,1.0
28275,1.0
6784,1.0
33157,1.0
40516,1.0
7094,1.0
742,1.0
42215,1.0
19066,1.0
3616,1.0
42819,1.0
14453,1.0
32670,1.0
34840,1.0
10935,1.0
20025,1.0
2611,1.0
3441,1.0
20703,1.0
20896,1.0
36765,1.0
10305,1.0
9075,1.0
10072,1.0
18560,1.0
21060,1.0
23041,1.0
47801,1.0
1882,1.0
26755,1.0
34202,1.0
22647,1.0
3922,1.0
19659,1.0
16925,1.0
11871,1.0
19518,1.0
30631,1.0
47777,1.0
21247,1.0
5326,1.0
37312,1.0
13965,1.0
43613,1.0
6714,1.0
6843,1.0
14805,1.0
12289,1.0
8816,1.0
2987,1.0
23458,1.0
18232,1.0
17204,1.0
41878,1.0
23631,1.0
25208,1.0
26428,1.0
26217,1.0
40059,1.0
36999,1.0
9898,1.0
46444,1.0
23625,1.0
20966,1.0
8036,1.0
38795,1.0
42381,1.0
43894,1.0
40182,1.0
24892,1.0
45686,1.0
36619,1.0
8947,1.0
5293,1.0
42608,1.0
13404,1.0
21740,1.0
29736,1.0
22182,1.0
28312,1.0
35940,1.0
45326,1.0
31575,1.0
46056,1.0
11234,1.0
34814,1.0
18500,1.0
43787,1.0
21512,1.0
35989,1.0
17547,1.0
43028,1.0
9939,1.0
30271,1.0
10106,1.0
34049,1.0
43454,1.0
28295,1.0
11330,1.0
22532,1.0
37628,1.0
38399,1.0
12576,1.0
9525,1.0
25305,1.0
23894,1.0
12546,1.0
3595,1.0
44216,1.0
28146,1.0
10437,1.0
6243,1.0
38340,1.0
27227,1.0
43155,1.0
1274,1.0
46249,1.0
33132,1.0
18159,1.0
35025,1.0
17188,1.0
16257,1.0
27822,1.0
4257,1.0
12117,1.0
7528,1.0
14360,1.0
40893,1.0
11596,1.0
15538,1.0
29396,1.0
30845,1.0
37648,1.0
23767,1.0
4277,1.0
24691,1.0
8231,1.0
30819,1.0
18923,1.0
18435,1.0
35677,1.0
9794,1.0
7263,1.0
39761,1.0
35542,1.0
45363,1.0
24105,1.0
43111,1.0
44061,1.0
44284,1.0
9181,1.0
35180,1.0
6291,1.0
13877,1.0
32957,1.0
2414,1.0
407,1.0
6018,1.0
11705,1.0
15093,1.0
43565,1.0
14977,1.0
20557,1.0
20581,1.0
30475,1.0
18659,1.0
42512,1.0
22250,1.0
21076,1.0
21222,1.0
16932,1.0
36046,1.0
21904,1.0
45046,1.0
14683,1.0
24142,1.0
6396,1.0
42665,1.0
20286,1.0
14494,1.0
47122,1.0
12461,1.0
44586,1.0
23172,1.0
14820,1.0
44795,1.0
2631,1.0
21230,1.0
36672,1.0
15366,1.0
26485,1.0
39812,1.0
22603,1.0
19317,1.0
3113,1.0
23187,1.0
28754,1.0
46517,1.0
2953,1.0
22414,1.0
17427,1.0
7882,1.0
30139,1.0
6949,1.0
42109,1.0
45370,1.0
36399,1.0
1016,1.0
4974,1.0
19854,1.0
35280,1.0
422,1.0
9765,1.0
42951,1.0
36635,1.0
37101,1.0
29635,1.0
33163,1.0
7896,1.0
45959,1.0
20158,1.0
19068,1.0
12534,1.0
4038,1.0
28148,1.0
38906,1.0
22642,1.0
10311,1.0
34862,1.0
39082,1.0
46156,1.0
39725,1.0
27589,1.0
28235,1.0
9199,1.0
20424,1.0
30398,1.0
30695,1.0
30212,1.0
21223,1.0
4143,1.0
18421,1.0
514,1.0
39056,1.0
13184,1.0
13598,1.0
10189,1.0
15482,1.0
46366,1.0
9185,1.0
15652,1.0
39980,1.0
16450,1.0
28922,1.0
41659,1.0
11752,1.0
35076,1.0
319,1.0
6190,1.0
12040,1.0
4969,1.0
30042,1.0
1481,1.0
23479,1.0
8524,1.0
3276,1.0
46167,1.0
28878,1.0
21422,1.0
24152,1.0
34267,1.0
7832,1.0
43793,1.0
19758,1.0
3599,1.0
29803,1.0
13440,1.0
31850,1.0
28229,1.0
9384,1.0
7436,1.0
7774,1.0
26055,1.0
36231,1.0
42193,1.0
24946,1.0
30982,1.0
44373,1.0
31073,1.0
32373,1.0
44629,1.0
39611,1.0
12267,1.0
22631,1.0
23668,1.0
35626,1.0
8265,1.0
4262,1.0
19531,1.0
25795,1.0
7225,1.0
37913,1.0
21551,1.0
15574,1.0
3576,1.0
32944,1.0
24615,1.0
14022,1.0
33201,1.0
15571,1.0
9242,1.0
11897,1.0
33973,1.0
5543,1.0
14110,1.0
23607,1.0
12912,1.0
21736,1.0
21087,1.0
8727,1.0
36874,1.0
24044,1.0
7602,1.0
1894,1.0
2316,1.0
24179,1.0
14497,1.0
5356,1.0
28388,1.0
10824,1.0
33845,1.0
21657,1.0
297,1.0
20491,1.0
13915,1.0
1150,1.0
35240,1.0
12275,1.0
14345,1.0
46981,1.0
22979,1.0
643,1.0
28163,1.0
24045,1.0
17508,1.0
23832,1.0
25452,1.0
4490,1.0
27894,1.0
15010,1.0
45481,1.0
29092,1.0
13052,1.0
13823,1.0
44605,1.0
45570,1.0
30093,1.0
34128,1.0
36389,1.0
31458,1.0
40615,1.0
35842,1.0
6771,1.0
34212,1.0
17971,1.0
16567,1.0
42098,1.0
40127,1.0
47546,1.0
44971,1.0
40500,1.0
35185,1.0
27325,1.0
41145,1.0
36774,1.0
26336,1.0
27853,1.0
31087,1.0
28089,1.0
43679,1.0
29202,1.0
1184,1.0
29389,1.0
6226,1.0
44382,1.0
29365,1.0
40353,1.0
47365,1.0
21162,1.0
39198,1.0
32564,1.0
27687,1.0
18692,1.0
37739,1.0
13791,1.0
43316,1.0
32125,1.0
32310,1.0
5597,1.0
41504,1.0
12821,1.0
19647,1.0
38407,1.0
41890,1.0
46090,1.0
22206,1.0
46971,1.0
10726,1.0
28495,1.0
17202,1.0
31676,1.0
1357,1.0
18713,1.0
18848,1.0
11019,1.0
22077,1.0
37,1.0
12904,1.0
15059,1.0
21020,1.0
8257,1.0
15502,1.0
33822,1.0
33197,1.0
41695,1.0
47771,1.0
32521,1.0
3588,1.0
12176,1.0
11574,1.0
45846,1.0
8050,1.0
8388,1.0
45342,1.0
5216,1.0
40407,1.0
13688,1.0
5957,1.0
44818,1.0
14169,1.0
43165,1.0
17801,1.0
47173,1.0
37469,1.0
41625,1.0
14567,1.0
1827,1.0
18622,1.0
6728,1.0
47123,1.0
44632,1.0
37576,1.0
19552,1.0
40486,1.0
45118,1.0
4506,1.0
19001,1.0
43403,1.0
1443,1.0
45409,1.0
36268,1.0
11346,1.0
6408,1.0
16532,1.0
31418,1.0
12690,1.0
5811,1.0
44409,1.0
46635,1.0
36882,1.0
37053,1.0
12913,1.0
17093,1.0
44075,1.0
19720,1.0
14929,1.0
36229,1.0
11999,1.0
17910,1.0
45211,1.0
43564,1.0
35273,1.0
4806,1.0
43360,1.0
34497,1.0
27627,1.0
6404,1.0
8588,1.0
30058,1.0
38320,1.0
22037,1.0
2323,1.0
8221,1.0
19972,1.0
853,1.0
19262,1.0
513,1.0
2801,1.0
33008,1.0
28070,1.0
29141,1.0
16879,1.0
955,1.0
45493,1.0
4369,1.0
26057,1.0
43799,1.0
7899,1.0
47152,1.0
34830,1.0
10512,1.0
41564,1.0
19391,1.0
43386,1.0
22366,1.0
11566,1.0
40438,1.0
10358,1.0
14030,1.0
37761,1.0
47041,1.0
6402,1.0
11140,1.0
6245,1.0
26154,1.0
22095,1.0
12284,1.0
43330,1.0
47402,1.0
11840,1.0
13760,1.0
47493,1.0
5345,1.0
9484,1.0
33463,1.0
45348,1.0
15150,1.0
39964,1.0
40590,1.0
31297,1.0
12937,1.0
35460,1.0
28518,1.0
29958,1.0
16129,1.0
2907,1.0
9323,1.0
15980,1.0
18419,1.0
28228,1.0
22869,1.0
28412,1.0
8327,1.0
4620,1.0
11089,1.0
25170,1.0
32423,1.0
25116,1.0
26678,1.0
17323,1.0
21878,1.0
25450,1.0
40692,1.0
2319,1.0
27140,1.0
44086,1.0
29327,1.0
19153,1.0
30345,1.0
31875,1.0
10497,1.0
24701,1.0
34024,1.0
21631,1.0
43562,1.0
37870,1.0
18604,1.0
27264,1.0
32807,1.0
1459,1.0
34472,1.0
1805,1.0
35722,1.0
14782,1.0
19849,1.0
37148,1.0
5642,1.0
21856,1.0
26679,1.0
14515,1.0
37164,1.0
25770,1.0
3372,1.0
26415,1.0
23435,1.0
42986,1.0
9938,1.0
2865,1.0
25272,1.0
44101,1.0
29233,1.0
34983,1.0
6238,1.0
18071,1.0
1554,1.0
19326,1.0
2269,1.0
3924,1.0
35811,1.0
11565,1.0
36129,1.0
34641,1.0
3080,1.0
42380,1.0
28328,1.0
27526,1.0
9193,1.0
40940,1.0
20465,1.0
15653,1.0
9321,1.0
28591,1.0
11241,1.0
30643,1.0
13107,1.0
9343,1.0
26848,1.0
44010,1.0
10044,1.0
29046,1.0
42848,1.0
29424,1.0
30220,1.0
14599,1.0
9332,1.0
15392,1.0
3632,1.0
32111,1.0
43183,1.0
24874,1.0
42917,1.0
14419,1.0
7617,1.0
36703,1.0
29621,1.0
5993,1.0
23371,1.0
23236,1.0
5820,1.0
45530,1.0
27191,1.0
24473,1.0
22078,1.0
40736,1.0
20788,1.0
13626,1.0
7579,1.0
11191,1.0
26816,1.0
15559,1.0
33230,1.0
19667,1.0
14296,1.0
44028,1.0
35269,1.0
8720,1.0
2918,1.0
24053,1.0
35121,1.0
40004,1.0
2080,1.0
8787,1.0
13562,1.0
17560,1.0
34943,1.0
4751,1.0
1959,1.0
7594,1.0
38924,1.0
25853,1.0
10140,1.0
9735,1.0
34989,1.0
13201,1.0
8183,1.0
4152,1.0
1117,1.0
1260,1.0
41062,1.0
40862,1.0
15646,1.0
12667,1.0
3819,1.0
36603,1.0
13379,1.0
4159,1.0
22781,1.0
41026,1.0
28799,1.0
31694,1.0
43814,1.0
8365,1.0
15067,1.0
10700,1.0
18228,1.0
6303,1.0
43792,1.0
29950,1.0
37672,1.0
5997,1.0
35650,1.0
45896,1.0
29276,1.0
27395,1.0
11009,1.0
40984,1.0
611,1.0
37298,1.0
44187,1.0
7257,1.0
39395,1.0
17169,1.0
7926,1.0
14035,1.0
27075,1.0
40051,1.0
3043,1.0
16487,1.0
44276,1.0
23640,1.0
4453,1.0
31814,1.0
15307,1.0
13331,1.0
27177,1.0
33161,1.0
34433,1.0
46465,1.0
21906,1.0
24632,1.0
2980,1.0
29722,1.0
28713,1.0
14357,1.0
32788,1.0
8798,1.0
34851,1.0
21886,1.0
26877,1.0
24163,1.0
14045,1.0
26118,1.0
36151,1.0
29189,1.0
7399,1.0
14181,1.0
45314,1.0
3945,1.0
13899,1.0
38512,1.0
34633,1.0
2041,1.0
29774,1.0
6680,1.0
26298,1.0
2046,1.0
12797,1.0
31789,1.0
27427,1.0
12092,1.0
41218,1.0
1420,1.0
44268,1.0
5600,1.0
16017,1.0
6163,1.0
28178,1.0
8634,1.0
10253,1.0
40048,1.0
31160,1.0
16496,1.0
10680,1.0
18816,1.0
27587,1.0
10990,1.0
31787,1.0
10832,1.0
8746,1.0
11020,1.0
32069,1.0
39973,1.0
9100,1.0
18030,1.0
36606,1.0
27228,1.0
9225,1.0
14647,1.0
4003,1.0
25431,1.0
3169,1.0
37653,1.0
16599,1.0
47283,1.0
32285,1.0
15679,1.0
27802,1.0
25584,1.0
7071,1.0
21094,1.0
21770,1.0
44445,1.0
30040,1.0
862,1.0
38663,1.0
41848,1.0
42978,1.0
45607,1.0
41705,1.0
40691,1.0
44045,1.0
18664,1.0
6753,1.0
11982,1.0
45649,1.0
17544,1.0
12581,1.0
31698,1.0
34815,1.0
19487,1.0
2284,1.0
47834,1.0
27486,1.0
20380,1.0
10737,1.0
13556,1.0
37753,1.0
16464,1.0
18663,1.0
4542,1.0
6840,1.0
46137,1.0
22409,1.0
31706,1.0
3277,1.0
12186,1.0
45158,1.0
5627,1.0
36468,1.0
43011,1.0
3182,1.0
47451,1.0
23722,1.0
8685,1.0
37204,1.0
15764,1.0
42355,1.0
29085,1.0
29717,1.0
12908,1.0
11452,1.0
25837,1.0
6871,1.0
30543,1.0
15008,1.0
21957,1.0
26230,1.0
42571,1.0
22233,1.0
9276,1.0
11590,1.0
40676,1.0
6990,1.0
32706,1.0
23510,1.0
33811,1.0
982,1.0
19661,1.0
1101,1.0
42338,1.0
42155,1.0
26803,1.0
27482,1.0
24210,1.0
20700,1.0
45796,1.0
19767,1.0
8989,1.0
27328,1.0
41474,1.0
35741,1.0
17602,1.0
4026,1.0
4265,1.0
42914,1.0
4843,1.0
36189,1.0
25196,1.0
29643,1.0
46161,1.0
29564,1.0
16316,1.0
12929,1.0
30597,1.0
30710,1.0
12329,1.0
14008,1.0
44296,1.0
35813,1.0
11780,1.0
27809,1.0
18082,1.0
33091,1.0
26218,1.0
46253,1.0
34642,1.0
3979,1.0
45670,1.0
31890,1.0
34705,1.0
5805,1.0
23123,1.0
38366,1.0
40841,1.0
39050,1.0
12094,1.0
47602,1.0
35533,1.0
9329,1.0
6931,1.0
29890,1.0
43805,1.0
47486,1.0
10026,1.0
12255,1.0
11432,1.0
44372,1.0
26185,1.0
19481,1.0
37496,1.0
38110,1.0
29529,1.0
615,1.0
10424,1.0
41860,1.0
23816,1.0
5935,1.0
40651,1.0
16895,1.0
42742,1.0
17931,1.0
4761,1.0
26829,1.0
30574,1.0
11898,1.0
41505,1.0
27493,1.0
40879,1.0
19963,1.0
37854,1.0
46945,1.0
35074,1.0
33489,1.0
24203,1.0
25882,1.0
10361,1.0
24661,1.0
16588,1.0
4016,1.0
32652,1.0
36026,1.0
5166,1.0
8734,1.0
32382,1.0
37116,1.0
13620,1.0
38483,1.0
11514,1.0
25519,1.0
7524,1.0
12241,1.0
23560,1.0
4611,1.0
15908,1.0
6157,1.0
11649,1.0
19800,1.0
13937,1.0
35952,1.0
23880,1.0
18209,1.0
39673,1.0
44557,1.0
27660,1.0
47551,1.0
19146,1.0
9946,1.0
20847,1.0
45099,1.0
33644,1.0
47796,1.0
41355,1.0
14821,1.0
47360,1.0
46231,1.0
46461,1.0
18183,1.0
7398,1.0
3480,1.0
37077,1.0
16439,1.0
2398,1.0
44117,1.0
46054,1.0
32940,1.0
31931,1.0
5262,1.0
38981,1.0
34478,1.0
11748,1.0
1270,1.0
25844,1.0
21504,1.0
35494,1.0
29920,1.0
39981,1.0
36308,1.0
31949,1.0
31724,1.0
30969,1.0
40618,1.0
20492,1.0
2939,1.0
28595,1.0
4936,1.0
13394,1.0
39475,1.0
45361,1.0
7564,1.0
37292,1.0
34736,1.0
16117,1.0
45712,1.0
21433,1.0
20832,1.0
14843,1.0
45769,1.0
42106,1.0
14916,1.0
34358,1.0
28584,1.0
13757,1.0
15856,1.0
45898,1.0
5251,1.0
33051,1.0
2343,1.0
35214,1.0
6754,1.0
24818,1.0
12189,1.0
3806,1.0
25468,1.0
32868,1.0
10323,1.0
16423,1.0
46270,1.0
12965,1.0
31040,1.0
15076,1.0
1567,1.0
1091,1.0
42296,1.0
3400,1.0
34554,1.0
46962,1.0
17029,1.0
31049,1.0
24397,1.0
36192,1.0
7917,1.0
20114,1.0
16998,1.0
3311,1.0
15879,1.0
6948,1.0
15190,1.0
27266,1.0
7435,1.0
16664,1.0
294,1.0
27362,1.0
29005,1.0
7406,1.0
19154,1.0
20606,1.0
30830,1.0
34353,1.0
14319,1.0
32461,1.0
5827,1.0
33060,1.0
12974,1.0
7198,1.0
21884,1.0
29569,1.0
18290,1.0
6589,1.0
24860,1.0
38363,1.0
39563,1.0
7707,1.0
10038,1.0
22022,1.0
799,1.0
22304,1.0
14387,1.0
14432,1.0
24068,1.0
45004,1.0
32513,1.0
40171,1.0
38702,1.0
18104,1.0
3873,1.0
273,1.0
47656,1.0
11890,1.0
913,1.0
9968,1.0
11293,1.0
4137,1.0
34513,1.0
18506,1.0
27484,1.0
35925,1.0
43689,1.0
37489,1.0
10021,1.0
41239,1.0
40758,1.0
40282,1.0
20342,1.0
15523,1.0
852,1.0
45066,1.0
26107,1.0
22226,1.0
23748,1.0
5385,1.0
8504,1.0
19990,1.0
6599,1.0
29407,1.0
23055,1.0
47839,1.0
28872,1.0
21715,1.0
45168,1.0
2434,1.0
15029,1.0
37820,1.0
30458,1.0
42265,1.0
13114,1.0
7078,1.0
19135,1.0
21362,1.0
7565,1.0
13323,1.0
31523,1.0
2302,1.0
24226,1.0
16756,1.0
15616,1.0
45685,1.0
36679,1.0
17892,1.0
37376,1.0
12334,1.0
6884,1.0
20314,1.0
35881,1.0
44444,1.0
18344,1.0
27554,1.0
27363,1.0
9348,1.0
6123,1.0
17486,1.0
46717,1.0
16739,1.0
29846,1.0
47701,1.0
42922,1.0
4734,1.0
14902,1.0
36730,1.0
47483,1.0
43104,1.0
11007,1.0
29535,1.0
2218,1.0
5903,1.0
1171,1.0
22671,1.0
18977,1.0
8866,1.0
24731,1.0
20000,1.0
30006,1.0
45792,1.0
13213,1.0
5603,1.0
45051,1.0
4535,1.0
37532,1.0
7739,1.0
6336,1.0
20855,1.0
6788,1.0
929,1.0
17853,1.0
12872,1.0
24998,1.0
29613,1.0
43653,1.0
12948,1.0
1569,1.0
28522,1.0
6726,1.0
9366,1.0
47675,1.0
18438,1.0
36372,1.0
27746,1.0
44904,1.0
41521,1.0
10234,1.0
37111,1.0
33565,1.0
8850,1.0
19690,1.0
41585,1.0
22524,1.0
25227,1.0
22152,1.0
47851,1.0
20110,1.0
5242,1.0
15670,1.0
18839,1.0
30161,1.0
612,1.0
25207,1.0
41654,1.0
17653,1.0
37064,1.0
14898,1.0
31880,1.0
29402,1.0
5812,1.0
17480,1.0
12594,1.0
9422,1.0
25936,1.0
3066,1.0
1901,1.0
44305,1.0
40649,1.0
47082,1.0
6078,1.0
25873,1.0
46983,1.0
41443,1.0
15127,1.0
43228,1.0
43702,1.0
21883,1.0
46614,1.0
15893,1.0
35394,1.0
22221,1.0
44016,1.0
21682,1.0
44583,1.0
6086,1.0
38999,1.0
32586,1.0
5983,1.0
44820,1.0
14945,1.0
39360,1.0
4057,1.0
20478,1.0
25772,1.0
25194,1.0
29212,1.0
13657,1.0
25290,1.0
8210,1.0
24471,1.0
32350,1.0
34872,1.0
30262,1.0
19233,1.0
21435,1.0
23740,1.0
5352,1.0
26801,1.0
21572,1.0
18130,1.0
5030,1.0
18581,1.0
7411,1.0
33873,1.0
34712,1.0
5902,1.0
31310,1.0
46246,1.0
34827,1.0
10166,1.0
4745,1.0
4915,1.0
19629,1.0
31745,1.0
12723,1.0
41589,1.0
23256,1.0
40247,1.0
31176,1.0
43694,1.0
37550,1.0
39905,1.0
20621,1.0
5027,1.0
25578,1.0
18110,1.0
22433,1.0
789,1.0
33795,1.0
36450,1.0
31175,1.0
7821,1.0
1879,1.0
39952,1.0
34174,1.0
34355,1.0
3031,1.0
29444,1.0
37182,1.0
17763,1.0
19835,1.0
14194,1.0
17950,1.0
4681,1.0
16982,1.0
33166,1.0
35442,1.0
27716,1.0
24916,1.0
42245,1.0
29818,1.0
5589,1.0
31375,1.0
26220,1.0
19307,1.0
6908,1.0
38908,1.0
9800,1.0
29781,1.0
2866,1.0
41077,1.0
45513,1.0
42029,1.0
37405,1.0
205,1.0
16805,1.0
23780,1.0
13245,1.0
26313,1.0
3495,1.0
219,1.0
21773,1.0
42351,1.0
38609,1.0
22677,1.0
10559,1.0
30844,1.0
11204,1.0
1572,1.0
9648,1.0
19732,1.0
32594,1.0
16068,1.0
11096,1.0
37202,1.0
39548,1.0
46350,1.0
22682,1.0
21811,1.0
4132,1.0
24624,1.0
24413,1.0
44236,1.0
44776,1.0
35447,1.0
6693,1.0
41541,1.0
13594,1.0
16577,1.0
12285,1.0
26022,1.0
31628,1.0
34294,1.0
12254,1.0
18190,1.0
41344,1.0
247,1.0
10203,1.0
2537,1.0
43773,1.0
11595,1.0
10761,1.0
29309,1.0
31018,1.0
20276,1.0
4805,1.0
29055,1.0
4062,1.0
11082,1.0
34489,1.0
39202,1.0
20839,1.0
38167,1.0
38970,1.0
16071,1.0
46755,1.0
3348,1.0
42916,1.0
6105,1.0
12720,1.0
30781,1.0
25141,1.0
20643,1.0
38403,1.0
31922,1.0
10855,1.0
8725,1.0
32157,1.0
9257,1.0
8837,1.0
33351,1.0
40842,1.0
31432,1.0
3212,1.0
9696,1.0
18407,1.0
29743,1.0
12344,1.0
44479,1.0
33228,1.0
43167,1.0
19047,1.0
30802,1.0
24238,1.0
44471,1.0
17432,1.0
20797,1.0
40116,1.0
9421,1.0
34317,1.0
32007,1.0
8002,1.0
5558,1.0
23378,1.0
39370,1.0
15257,1.0
504,1.0
30222,1.0
17721,1.0
26513,1.0
39739,1.0
777,1.0
8664,1.0
16846,1.0
16094,1.0
40375,1.0
46400,1.0
508,1.0
34529,1.0
26497,1.0
5363,1.0
24801,1.0
34675,1.0
36040,1.0
27056,1.0
41125,1.0
11088,1.0
37027,1.0
16318,1.0
45953,1.0
7242,1.0
44708,1.0
8954,1.0
21179,1.0
14115,1.0
37231,1.0
13984,1.0
1462,1.0
31879,1.0
15289,1.0
16749,1.0
43238,1.0
638,1.0
27511,1.0
39323,1.0
4978,1.0
44249,1.0
46303,1.0
33712,1.0
10186,1.0
31035,1.0
42011,1.0
45903,1.0
565,1.0
31487,1.0
47010,1.0
24439,1.0
12364,1.0
33864,1.0
18913,1.0
39461,1.0
28156,1.0
33829,1.0
23626,1.0
18362,1.0
4783,1.0
13269,1.0
26591,1.0
30946,1.0
14152,1.0
4935,1.0
29112,1.0
41650,1.0
172,1.0
38656,1.0
31352,1.0
15769,1.0
4602,1.0
5247,1.0
31333,1.0
30657,1.0
8473,1.0
28321,1.0
39291,1.0
33812,1.0
24955,1.0
30515,1.0
26872,1.0
37891,1.0
14947,1.0
36208,1.0
43605,1.0
33640,1.0
20397,1.0
41745,1.0
5279,1.0
26451,1.0
4772,1.0
45783,1.0
5614,1.0
20868,1.0
26147,1.0
27397,1.0
2800,1.0
22843,1.0
41467,1.0
20189,1.0
40007,1.0
4312,1.0
30913,1.0
14240,1.0
34053,1.0
38276,1.0
45915,1.0
7497,1.0
33411,1.0
27596,1.0
31720,1.0
45773,1.0
34018,1.0
4643,1.0
31638,1.0
38507,1.0
27330,1.0
46178,1.0
17125,1.0
8483,1.0
31617,1.0
23913,1.0
33842,1.0
35231,1.0
24508,1.0
44425,1.0
10019,1.0
36819,1.0
7344,1.0
33770,1.0
30533,1.0
43757,1.0
20667,1.0
38133,1.0
33203,1.0
39105,1.0
25483,1.0
39790,1.0
2596,1.0
6168,1.0
32402,1.0
17355,1.0
24948,1.0
19808,1.0
43038,1.0
46731,1.0
40326,1.0
18217,1.0
12957,1.0
4088,1.0
21196,1.0
15605,1.0
37301,1.0
31272,1.0
5912,1.0
38106,1.0
16556,1.0
43068,1.0
44079,1.0
5198,1.0
46868,1.0
30401,1.0
17154,1.0
28132,1.0
21296,1.0
20349,1.0
2365,1.0
42097,1.0
10204,1.0
33598,1.0
29221,1.0
212,1.0
34920,1.0
42727,1.0
35762,1.0
2350,1.0
18109,1.0
21279,1.0
22556,1.0
10882,1.0
76,1.0
17339,1.0
8552,1.0
45574,1.0
11761,1.0
38433,1.0
10940,1.0
14573,1.0
42240,1.0
28246,1.0
3752,1.0
20590,1.0
336,1.0
23557,1.0
11523,1.0
18872,1.0
1379,1.0
42634,1.0
24716,1.0
37072,1.0
3751,1.0
13376,1.0
27337,1.0
12437,1.0
41600,1.0
1063,1.0
43276,1.0
28279,1.0
12317,1.0
20979,1.0
22935,1.0
46133,1.0
21392,1.0
12066,1.0
4603,1.0
39188,1.0
40819,1.0
27957,1.0
34567,1.0
10624,1.0
45735,1.0
2122,1.0
11017,1.0
31034,1.0
35149,1.0
27814,1.0
42321,1.0
25671,1.0
35590,1.0
32114,1.0
11738,1.0
3521,1.0
15000,1.0
46321,1.0
40782,1.0
31936,1.0
5636,1.0
46633,1.0
41629,1.0
13758,1.0
8803,1.0
43095,1.0
26,1.0
23440,1.0
44259,1.0
7075,1.0
3762,1.0
18922,1.0
8759,1.0
13028,1.0
19279,1.0
29605,1.0
13841,1.0
24816,1.0
41222,1.0
9356,1.0
16022,1.0
6272,1.0
3999,1.0
20938,1.0
32044,1.0
46537,1.0
5971,1.0
29401,1.0
24774,1.0
43678,1.0
1845,1.0
37570,1.0
32490,1.0
20694,1.0
39023,1.0
35060,1.0
16311,1.0
3622,1.0
3745,1.0
47530,1.0
37443,1.0
14212,1.0
46922,1.0
46816,1.0
36590,1.0
15966,1.0
2702,1.0
2609,1.0
35998,1.0
28422,1.0
31319,1.0
30792,1.0
4905,1.0
3636,1.0
44562,1.0
3381,1.0
19852,1.0
39966,1.0
34655,1.0
13558,1.0
41096,1.0
16610,1.0
6054,1.0
4093,1.0
46112,1.0
42748,1.0
28862,1.0
46937,1.0
23386,1.0
20773,1.0
35565,1.0
41930,1.0
4297,1.0
46891,1.0
4255,1.0
2245,1.0
38237,1.0
33951,1.0
40257,1.0
11534,1.0
1809,1.0
19814,1.0
44624,1.0
16153,1.0
29917,1.0
11359,1.0
35418,1.0
43620,1.0
15197,1.0
40998,1.0
4585,1.0
32918,1.0
30904,1.0
7486,1.0
17516,1.0
45188,1.0
7494,1.0
22289,1.0
42661,1.0
12477,1.0
42604,1.0
15873,1.0
20146,1.0
44139,1.0
30772,1.0
46363,1.0
40924,1.0
40078,1.0
6445,1.0
33808,1.0
2836,1.0
22140,1.0
2083,1.0
30440,1.0
24322,1.0
21684,1.0
18135,1.0
8532,1.0
44653,1.0
43096,1.0
44984,1.0
38487,1.0
33217,1.0
27886,1.0
21616,1.0
32688,1.0
25073,1.0
46265,1.0
24316,1.0
24767,1.0
10260,1.0
38116,1.0
21120,1.0
37775,1.0
21189,1.0
2280,1.0
11664,1.0
28951,1.0
34436,1.0
33731,1.0
4095,1.0
3139,1.0
17593,1.0
22199,1.0
46920,1.0
1346,1.0
17740,1.0
13905,1.0
18561,1.0
45912,1.0
4121,1.0
26366,1.0
19673,1.0
24715,1.0
40085,1.0
2641,1.0
1509,1.0
40775,1.0
6534,1.0
46435,1.0
19417,1.0
23198,1.0
30283,1.0
6392,1.0
9868,1.0
9018,1.0
28688,1.0
25569,1.0
14596,1.0
9982,1.0
36587,1.0
46586,1.0
20517,1.0
18781,1.0
39171,1.0
21688,1.0
32237,1.0
23178,1.0
19045,1.0
10861,1.0
22274,1.0
6846,1.0
22103,1.0
27534,1.0
17804,1.0
530,1.0
32297,1.0
32192,1.0
23132,1.0
11558,1.0
7890,1.0
15703,1.0
20801,1.0
26650,1.0
43070,1.0
10442,1.0
14260,1.0
33554,1.0
44326,1.0
11434,1.0
22550,1.0
39986,1.0
40655,1.0
23228,1.0
35147,1.0
5432,1.0
22330,1.0
14540,1.0
27023,1.0
6623,1.0
4869,1.0
1696,1.0
26557,1.0
40221,1.0
36269,1.0
13975,1.0
40295,1.0
17072,1.0
20238,1.0
37966,1.0
31363,1.0
17440,1.0
28965,1.0
24604,1.0
784,1.0
9381,1.0
27553,1.0
31102,1.0
21285,1.0
14105,1.0
15597,1.0
13585,1.0
4684,1.0
35452,1.0
14311,1.0
18653,1.0
28840,1.0
447,1.0
37188,1.0
26130,1.0
971,1.0
4314,1.0
2731,1.0
44069,1.0
11737,1.0
41025,1.0
35454,1.0
46027,1.0
31522,1.0
2550,1.0
11173,1.0
1087,1.0
34796,1.0
33378,1.0
29178,1.0
30596,1.0
12545,1.0
16191,1.0
27453,1.0
13826,1.0
34218,1.0
13921,1.0
32037,1.0
8806,1.0
24414,1.0
38996,1.0
41391,1.0
15303,1.0
12139,1.0
3541,1.0
9407,1.0
4676,1.0
29352,1.0
46636,1.0
7173,1.0
32281,1.0
38741,1.0
7921,1.0
33075,1.0
25018,1.0
35578,1.0
46919,1.0
41225,1.0
37618,1.0
10588,1.0
37310,1.0
6775,1.0
10095,1.0
21936,1.0
2660,1.0
5021,1.0
137,1.0
27911,1.0
14061,1.0
41076,1.0
21643,1.0
41607,1.0
46135,1.0
13930,1.0
34939,1.0
36027,1.0
10318,1.0
46830,1.0
2840,1.0
30612,1.0
18803,1.0
36823,1.0
46691,1.0
40855,1.0
36051,1.0
23188,1.0
47814,1.0
25262,1.0
1543,1.0
34516,1.0
15343,1.0
5122,1.0
15187,1.0
40292,1.0
30838,1.0
37317,1.0
47649,1.0
14602,1.0
44318,1.0
345,1.0
31895,1.0
45408,1.0
3523,1.0
46048,1.0
17405,1.0
62,1.0
20562,1.0
45406,1.0
47079,1.0
15924,1.0
38406,1.0
19594,1.0
21496,1.0
38028,1.0
9418,1.0
26792,1.0
32194,1.0
13478,1.0
38691,1.0
24355,1.0
6729,1.0
34957,1.0
43970,1.0
45341,1.0
47437,1.0
23703,1.0
40079,1.0
22828,1.0
27062,1.0
38176,1.0
7073,1.0
46795,1.0
31225,1.0
47858,1.0
20983,1.0
5604,1.0
14473,1.0
27487,1.0
12530,1.0
46760,1.0
20760,1.0
10480,1.0
27523,1.0
25723,1.0
25833,1.0
45784,1.0
4743,1.0
18285,1.0
8946,1.0
22047,1.0
13318,1.0
9355,1.0
38024,1.0
41219,1.0
27231,1.0
2581,1.0
36067,1.0
19247,1.0
24027,1.0
34371,1.0
4235,1.0
10772,1.0
19144,1.0
6357,1.0
45567,1.0
46469,1.0
38613,1.0
43253,1.0
10475,1.0
42260,1.0
44231,1.0
38749,1.0
15763,1.0
4909,1.0
43341,1.0
29288,1.0
2450,1.0
41674,1.0
8784,1.0
17350,1.0
25246,1.0
36700,1.0
2117,1.0
33802,1.0
8498,1.0
43872,1.0
37522,1.0
39464,1.0
17205,1.0
31592,1.0
31077,1.0
10629,1.0
38448,1.0
38058,1.0
40677,1.0
2859,1.0
25132,1.0
1347,1.0
4452,1.0
27617,1.0
2638,1.0
5367,1.0
18081,1.0
46595,1.0
14785,1.0
2655,1.0
42778,1.0
20210,1.0
4353,1.0
15973,1.0
14130,1.0
45131,1.0
17331,1.0
30270,1.0
5582,1.0
47730,1.0
37358,1.0
22548,1.0
14503,1.0
14293,1.0
41885,1.0
36156,1.0
32412,1.0
27939,1.0
22430,1.0
27691,1.0
37070,1.0
46373,1.0
18374,1.0
21793,1.0
9443,1.0
33946,1.0
21644,1.0
5704,1.0
24039,1.0
17494,1.0
1639,1.0
27483,1.0
27619,1.0
24727,1.0
5649,1.0
16802,1.0
40986,1.0
13337,1.0
14195,1.0
12627,1.0
3412,1.0
47208,1.0
13848,1.0
22733,1.0
35901,1.0
28431,1.0
5800,1.0
15355,1.0
31428,1.0
38455,1.0
38790,1.0
42671,1.0
41183,1.0
44235,1.0
33851,1.0
31443,1.0
26794,1.0
15534,1.0
16841,1.0
36247,1.0
7746,1.0
14069,1.0
20435,1.0
28503,1.0
2868,1.0
3888,1.0
9136,1.0
11471,1.0
10200,1.0
42660,1.0
8269,1.0
33758,1.0
17104,1.0
37254,1.0
4868,1.0
6874,1.0
11516,1.0
3416,1.0
16238,1.0
29206,1.0
4196,1.0
29988,1.0
12411,1.0
35190,1.0
14825,1.0
17689,1.0
18884,1.0
25560,1.0
17454,1.0
19126,1.0
20245,1.0
17236,1.0
26771,1.0
12787,1.0
24223,1.0
33346,1.0
47025,1.0
10399,1.0
8291,1.0
36444,1.0
9268,1.0
12333,1.0
41515,1.0
31710,1.0
7891,1.0
35032,1.0
45884,1.0
35299,1.0
37276,1.0
37142,1.0
36597,1.0
23175,1.0
23128,1.0
35750,1.0
18316,1.0
28164,1.0
28407,1.0
45920,1.0
5298,1.0
8041,1.0
37415,1.0
12887,1.0
8403,1.0
38806,1.0
18429,1.0
17797,1.0
30700,1.0
35872,1.0
23382,1.0
44636,1.0
15716,1.0
18804,1.0
31780,1.0
18874,1.0
24960,1.0
19796,1.0
27805,1.0
8540,1.0
6939,1.0
26308,1.0
46473,1.0
4807,1.0
10046,1.0
3469,1.0
23428,1.0
6191,1.0
45680,1.0
20928,1.0
16131,1.0
29533,1.0
37220,1.0
29156,1.0
18521,1.0
31707,1.0
27278,1.0
11240,1.0
1159,1.0
14414,1.0
28237,1.0
18191,1.0
44925,1.0
3980,1.0
34058,1.0
13589,1.0
14797,1.0
41844,1.0
46523,1.0
46367,1.0
35201,1.0
17199,1.0
6758,1.0
4569,1.0
20239,1.0
32404,1.0
5586,1.0
46191,1.0
22491,1.0
23309,1.0
4933,1.0
12629,1.0
46829,1.0
24444,1.0
43036,1.0
39909,1.0
27647,1.0
25466,1.0
6244,1.0
22914,1.0
4592,1.0
15336,1.0
29418,1.0
16408,1.0
47028,1.0
45327,1.0
22429,1.0
18462,1.0
18176,1.0
6210,1.0
18549,1.0
2988,1.0
25567,1.0
32086,1.0
42884,1.0
7371,1.0
34816,1.0
26377,1.0
20721,1.0
10947,1.0
38490,1.0
6070,1.0
17604,1.0
5950,1.0
41173,1.0
10258,1.0
47262,1.0
46238,1.0
5577,1.0
4111,1.0
32858,1.0
12976,1.0
36062,1.0
32627,1.0
7833,1.0
31017,1.0
5842,1.0
44052,1.0
4766,1.0
35575,1.0
12851,1.0
33691,1.0
9950,1.0
10033,1.0
20386,1.0
38738,1.0
38328,1.0
45904,1.0
27366,1.0
33911,1.0
10797,1.0
29975,1.0
15368,1.0
7923,1.0
45631,1.0
37450,1.0
29977,1.0
34460,1.0
4324,1.0
45453,1.0
23189,1.0
31785,1.0
45214,1.0
39613,1.0
29446,1.0
38711,1.0
37829,1.0
9842,1.0
10713,1.0
20701,1.0
30540,1.0
20924,1.0
43618,1.0
29118,1.0
36648,1.0
33036,1.0
32658,1.0
39235,1.0
38478,1.0
7975,1.0
30087,1.0
23713,1.0
18494,1.0
15182,1.0
32204,1.0
36962,1.0
29855,1.0
16561,1.0
2774,1.0
33921,1.0
31613,1.0
34039,1.0
3136,1.0
8690,1.0
39130,1.0
15807,1.0
24966,1.0
28225,1.0
45334,1.0
41859,1.0
27515,1.0
6187,1.0
2562,1.0
20950,1.0
35714,1.0
9060,1.0
43056,1.0
30310,1.0
22356,1.0
243,1.0
26028,1.0
45713,1.0
2254,1.0
47525,1.0
4778,1.0
20138,1.0
3859,1.0
27301,1.0
41856,1.0
4332,1.0
15958,1.0
36301,1.0
42539,1.0
21141,1.0
26529,1.0
40814,1.0
22949,1.0
41840,1.0
2910,1.0
40244,1.0
35228,1.0
43550,1.0
5283,1.0
24582,1.0
14431,1.0
36694,1.0
5973,1.0
6997,1.0
7426,1.0
15299,1.0
20844,1.0
15944,1.0
332,1.0
9003,1.0
3045,1.0
44907,1.0
24286,1.0
38824,1.0
91,1.0
20937,1.0
37661,1.0
12793,1.0
32690,1.0
22386,1.0
35041,1.0
27480,1.0
1568,1.0
1940,1.0
22401,1.0
43788,1.0
38586,1.0
24407,1.0
2986,1.0
11593,1.0
32787,1.0
316,1.0
6439,1.0
29052,1.0
17557,1.0
44716,1.0
33623,1.0
18186,1.0
25215,1.0
11133,1.0
5241,1.0
16033,1.0
19270,1.0
43170,1.0
42582,1.0
14470,1.0
24496,1.0
6763,1.0
7942,1.0
9463,1.0
37718,1.0
5479,1.0
14658,1.0
14090,1.0
7358,1.0
29966,1.0
27477,1.0
5880,1.0
5678,1.0
12295,1.0
28995,1.0
13960,1.0
39742,1.0
2174,1.0
27436,1.0
43169,1.0
20188,1.0
45157,1.0
5202,1.0
40645,1.0
30943,1.0
17846,1.0
5475,1.0
8088,1.0
27216,1.0
17694,1.0
45641,1.0
33491,1.0
36243,1.0
24753,1.0
34914,1.0
25812,1.0
1201,1.0
35880,1.0
39927,1.0
47646,1.0
35800,1.0
37954,1.0
14767,1.0
9490,1.0
3340,1.0
21804,1.0
39297,1.0
3234,1.0
39348,1.0
1599,1.0
40594,1.0
30839,1.0
11333,1.0
29030,1.0
45636,1.0
45321,1.0
4394,1.0
34891,1.0
15512,1.0
27426,1.0
23360,1.0
3426,1.0
