 Divorced, Married-AF-spouse, Married-civ-spouse, Married-spouse-absent, Never-married, Separated, Widowed
1,0,0,0,0,0,0
0,0,0,0,0,1,0
1,0,0,0,0,0,0
0,0,1,0,0,0,0
0,0,0,0,0,0,1
0,0,0,0,1,0,0
0,0,1,0,0,0,0
0,0,1,0,0,0,0
0,0,0,0,1,0,0
0,0,1,0,0,0,0
1,0,0,0,0,0,0
0,0,0,0,1,0,0
0,0,1,0,0,0,0
0,0,0,0,1,0,0
0,0,1,0,0,0,0
0,0,1,0,0,0,0
0,0,1,0,0,0,0
0,0,1,0,0,0,0
0,0,0,0,1,0,0
0,0,0,0,1,0,0
0,0,0,0,1,0,0
0,0,1,0,0,0,0
0,0,1,0,0,0,0
0,0,0,0,1,0,0
0,0,1,0,0,0,0
0,0,1,0,0,0,0
1,0,0,0,0,0,0
0,0,0,0,1,0,0
0,0,1,0,0,0,0
0,0,1,0,0,0,0
0,0,1,0,0,0,0
0,0,1,0,0,0,0
0,0,0,0,1,0,0
0,0,0,0,1,0,0
0,0,1,0,0,0,0
0,0,1,0,0,0,0
0,0,1,0,0,0,0
1,0,0,0,0,0,0
0,0,0,0,1,0,0
1,0,0,0,0,0,0
0,0,1,0,0,0,0
1,0,0,0,0,0,0
0,0,1,0,0,0,0
0,0,0,0,1,0,0
0,0,1,0,0,0,0
0,0,0,0,1,0,0
0,0,1,0,0,0,0
0,0,1,0,0,0,0
0,0,1,0,0,0,0
0,0,0,0,0,1,0
0,0,1,0,0,0,0
0,0,1,0,0,0,0
0,0,1,0,0,0,0
0,0,0,0,1,0,0
0,0,1,0,0,0,0
0,0,0,0,1,0,0
0,0,0,0,1,0,0
0,0,0,0,1,0,0
0,0,0,0,1,0,0
0,0,1,0,0,0,0
1,0,0,0,0,0,0
0,0,0,0,1,0,0
0,0,1,0,0,0,0
0,0,0,0,1,0,0
1,0,0,0,0,0,0
0,0,0,0,0,1,0
0,0,0,0,1,0,0
0,0,0,0,1,0,0
0,0,0,0,1,0,0
0,0,1,0,0,0,0
0,0,0,0,1,0,0
0,0,0,0,1,0,0
1,0,0,0,0,0,0
0,0,0,0,0,1,0
0,0,1,0,0,0,0
0,0,0,0,1,0,0
0,0,1,0,0,0,0
0,0,0,0,1,0,0
0,0,1,0,0,0,0
0,0,0,0,1,0,0
0,0,0,0,1,0,0
0,0,1,0,0,0,0
0,0,1,0,0,0,0
0,0,0,0,1,0,0
0,0,1,0,0,0,0
0,0,0,0,1,0,0
1,0,0,0,0,0,0
0,0,1,0,0,0,0
0,0,1,0,0,0,0
0,0,1,0,0,0,0
0,0,0,0,0,0,1
0,0,0,0,1,0,0
1,0,0,0,0,0,0
0,0,0,0,1,0,0
0,0,0,0,1,0,0
0,0,1,0,0,0,0
0,0,0,0,1,0,0
0,0,1,0,0,0,0
0,0,1,0,0,0,0
1,0,0,0,0,0,0
0,0,0,0,1,0,0
0,0,1,0,0,0,0
0,0,1,0,0,0,0
0,0,1,0,0,0,0
0,0,1,0,0,0,0
1,0,0,0,0,0,0
0,0,1,0,0,0,0
0,0,0,0,0,0,1
0,0,0,0,1,0,0
0,0,0,0,1,0,0
0,0,1,0,0,0,0
0,0,1,0,0,0,0
0,0,1,0,0,0,0
0,0,1,0,0,0,0
0,0,1,0,0,0,0
0,0,0,0,1,0,0
0,0,0,0,1,0,0
0,0,0,0,1,0,0
0,0,0,0,1,0,0
0,0,1,0,0,0,0
0,0,0,0,1,0,0
0,0,1,0,0,0,0
0,0,0,0,1,0,0
0,0,1,0,0,0,0
0,0,0,0,0,0,1
0,0,0,0,1,0,0
0,0,1,0,0,0,0
0,0,1,0,0,0,0
0,0,1,0,0,0,0
0,0,0,0,1,0,0
0,0,0,0,1,0,0
1,0,0,0,0,0,0
0,0,0,0,0,1,0
1,0,0,0,0,0,0
0,0,1,0,0,0,0
0,0,1,0,0,0,0
0,0,0,0,1,0,0
0,0,1,0,0,0,0
1,0,0,0,0,0,0
0,0,1,0,0,0,0
0,0,1,0,0,0,0
0,0,0,0,1,0,0
1,0,0,0,0,0,0
0,0,1,0,0,0,0
0,0,0,1,0,0,0
0,0,0,0,1,0,0
0,0,1,0,0,0,0
0,0,1,0,0,0,0
1,0,0,0,0,0,0
1,0,0,0,0,0,0
0,0,1,0,0,0,0
0,0,0,0,1,0,0
0,0,1,0,0,0,0
1,0,0,0,0,0,0
0,0,0,0,1,0,0
0,0,1,0,0,0,0
0,0,1,0,0,0,0
0,0,1,0,0,0,0
0,0,1,0,0,0,0
0,0,0,0,0,1,0
0,0,1,0,0,0,0
0,0,1,0,0,0,0
0,0,1,0,0,0,0
0,0,0,0,1,0,0
0,0,1,0,0,0,0
0,0,1,0,0,0,0
0,0,0,0,1,0,0
0,0,1,0,0,0,0
0,0,1,0,0,0,0
0,0,1,0,0,0,0
0,0,1,0,0,0,0
0,0,0,0,1,0,0
1,0,0,0,0,0,0
1,0,0,0,0,0,0
0,0,1,0,0,0,0
0,0,1,0,0,0,0
0,0,1,0,0,0,0
0,0,0,0,1,0,0
0,0,0,1,0,0,0
1,0,0,0,0,0,0
0,0,0,0,1,0,0
0,0,0,0,1,0,0
0,0,1,0,0,0,0
0,0,1,0,0,0,0
0,0,0,0,1,0,0
0,0,0,0,1,0,0
0,0,0,0,0,0,1
0,0,0,0,1,0,0
0,0,1,0,0,0,0
0,0,0,0,1,0,0
0,0,1,0,0,0,0
0,0,1,0,0,0,0
0,0,0,0,1,0,0
0,0,0,0,1,0,0
1,0,0,0,0,0,0
0,0,1,0,0,0,0
0,0,1,0,0,0,0
0,0,1,0,0,0,0
0,0,1,0,0,0,0
1,0,0,0,0,0,0
0,0,1,0,0,0,0
0,0,0,0,1,0,0
1,0,0,0,0,0,0
1,0,0,0,0,0,0
0,0,1,0,0,0,0
0,0,1,0,0,0,0
0,0,1,0,0,0,0
0,0,0,0,1,0,0
0,0,0,0,1,0,0
0,0,1,0,0,0,0
1,0,0,0,0,0,0
0,0,0,0,1,0,0
0,0,0,1,0,0,0
0,0,0,0,1,0,0
0,0,1,0,0,0,0
0,0,0,0,1,0,0
0,0,0,0,1,0,0
0,0,0,0,0,0,1
0,0,0,0,1,0,0
1,0,0,0,0,0,0
0,0,1,0,0,0,0
0,0,0,0,1,0,0
0,0,1,0,0,0,0
0,0,1,0,0,0,0
0,0,1,0,0,0,0
1,0,0,0,0,0,0
0,0,0,0,0,1,0
1,0,0,0,0,0,0
0,0,0,0,1,0,0
0,0,0,0,1,0,0
0,0,0,0,1,0,0
0,0,1,0,0,0,0
0,0,1,0,0,0,0
1,0,0,0,0,0,0
0,0,1,0,0,0,0
0,0,0,0,1,0,0
0,0,0,0,0,0,1
0,0,1,0,0,0,0
0,0,1,0,0,0,0
1,0,0,0,0,0,0
0,0,1,0,0,0,0
0,0,1,0,0,0,0
1,0,0,0,0,0,0
0,0,0,0,1,0,0
0,0,0,0,1,0,0
0,0,1,0,0,0,0
1,0,0,0,0,0,0
0,0,0,0,1,0,0
1,0,0,0,0,0,0
0,0,0,0,1,0,0
0,0,0,0,1,0,0
0,0,1,0,0,0,0
0,0,1,0,0,0,0
0,0,0,0,1,0,0
0,0,1,0,0,0,0
0,0,0,0,1,0,0
0,0,1,0,0,0,0
1,0,0,0,0,0,0
0,0,0,0,1,0,0
0,0,1,0,0,0,0
0,0,1,0,0,0,0
0,0,0,0,1,0,0
0,0,1,0,0,0,0
0,0,1,0,0,0,0
0,0,0,0,1,0,0
0,0,0,0,1,0,0
0,0,1,0,0,0,0
0,0,1,0,0,0,0
0,0,1,0,0,0,0
0,0,1,0,0,0,0
0,0,1,0,0,0,0
0,0,1,0,0,0,0
0,0,1,0,0,0,0
0,0,1,0,0,0,0
0,0,0,0,1,0,0
0,0,1,0,0,0,0
1,0,0,0,0,0,0
0,0,0,0,0,1,0
0,0,0,0,1,0,0
0,0,0,0,1,0,0
0,0,1,0,0,0,0
0,0,0,0,1,0,0
0,0,1,0,0,0,0
0,0,0,0,0,0,1
0,0,0,0,1,0,0
0,0,0,0,1,0,0
0,0,1,0,0,0,0
0,0,0,0,1,0,0
0,0,0,0,1,0,0
0,0,0,0,1,0,0
0,0,1,0,0,0,0
0,0,1,0,0,0,0
1,0,0,0,0,0,0
0,0,0,0,1,0,0
0,0,0,0,1,0,0
0,0,0,0,1,0,0
0,0,1,0,0,0,0
0,0,0,0,1,0,0
0,0,0,0,1,0,0
0,0,1,0,0,0,0
0,0,0,0,0,1,0
0,0,1,0,0,0,0
0,0,1,0,0,0,0
0,0,1,0,0,0,0
0,0,1,0,0,0,0
0,0,0,0,1,0,0
0,0,1,0,0,0,0
0,0,1,0,0,0,0
1,0,0,0,0,0,0
0,0,0,0,1,0,0
0,0,1,0,0,0,0
0,0,0,0,0,1,0
1,0,0,0,0,0,0
0,0,1,0,0,0,0
0,0,0,1,0,0,0
0,0,1,0,0,0,0
0,0,1,0,0,0,0
0,0,0,0,1,0,0
0,0,1,0,0,0,0
0,0,1,0,0,0,0
1,0,0,0,0,0,0
0,0,1,0,0,0,0
0,0,0,0,1,0,0
0,0,1,0,0,0,0
0,0,0,0,1,0,0
0,0,1,0,0,0,0
0,0,0,0,1,0,0
0,0,0,0,1,0,0
0,0,0,0,1,0,0
1,0,0,0,0,0,0
0,0,0,0,1,0,0
0,0,0,0,1,0,0
0,0,0,0,1,0,0
1,0,0,0,0,0,0
1,0,0,0,0,0,0
0,0,1,0,0,0,0
0,0,0,0,1,0,0
0,0,0,0,1,0,0
0,0,0,0,1,0,0
0,0,0,0,1,0,0
0,0,1,0,0,0,0
0,0,1,0,0,0,0
0,0,1,0,0,0,0
0,0,1,0,0,0,0
1,0,0,0,0,0,0
0,0,0,0,1,0,0
0,0,1,0,0,0,0
1,0,0,0,0,0,0
0,0,1,0,0,0,0
0,0,1,0,0,0,0
0,0,0,0,1,0,0
0,0,0,0,1,0,0
0,0,0,0,1,0,0
0,0,1,0,0,0,0
0,0,0,0,1,0,0
0,0,1,0,0,0,0
0,0,1,0,0,0,0
0,0,1,0,0,0,0
0,0,1,0,0,0,0
0,0,0,0,1,0,0
0,0,1,0,0,0,0
0,0,0,0,1,0,0
0,0,0,0,1,0,0
0,0,0,0,1,0,0
0,0,0,0,1,0,0
0,0,0,0,1,0,0
0,0,1,0,0,0,0
0,0,1,0,0,0,0
0,0,1,0,0,0,0
0,0,0,0,1,0,0
0,0,1,0,0,0,0
0,0,0,0,1,0,0
1,0,0,0,0,0,0
0,0,0,0,1,0,0
0,0,1,0,0,0,0
0,0,1,0,0,0,0
0,0,1,0,0,0,0
0,0,1,0,0,0,0
0,0,1,0,0,0,0
0,0,1,0,0,0,0
0,0,1,0,0,0,0
0,0,0,1,0,0,0
0,0,0,0,1,0,0
0,0,1,0,0,0,0
0,0,1,0,0,0,0
0,0,0,0,0,0,1
0,0,1,0,0,0,0
0,0,0,0,1,0,0
0,0,0,0,1,0,0
0,0,1,0,0,0,0
0,0,1,0,0,0,0
0,0,0,0,0,1,0
0,0,1,0,0,0,0
1,0,0,0,0,0,0
0,0,1,0,0,0,0
0,0,0,0,1,0,0
0,0,1,0,0,0,0
0,0,0,0,1,0,0
0,0,1,0,0,0,0
1,0,0,0,0,0,0
1,0,0,0,0,0,0
0,0,0,0,0,1,0
0,0,1,0,0,0,0
0,0,1,0,0,0,0
1,0,0,0,0,0,0
0,0,0,0,1,0,0
0,0,0,0,1,0,0
1,0,0,0,0,0,0
0,0,0,0,1,0,0
1,0,0,0,0,0,0
1,0,0,0,0,0,0
0,0,1,0,0,0,0
0,0,0,0,1,0,0
0,0,0,0,1,0,0
0,0,1,0,0,0,0
0,0,1,0,0,0,0
0,0,1,0,0,0,0
0,0,0,0,0,0,1
0,1,0,0,0,0,0
0,0,0,0,1,0,0
0,0,0,0,1,0,0
0,0,0,0,0,1,0
1,0,0,0,0,0,0
0,0,1,0,0,0,0
0,0,1,0,0,0,0
0,0,0,0,1,0,0
0,0,1,0,0,0,0
0,0,1,0,0,0,0
0,0,0,0,1,0,0
1,0,0,0,0,0,0
0,0,1,0,0,0,0
0,0,1,0,0,0,0
0,0,0,0,1,0,0
0,0,0,0,1,0,0
0,0,1,0,0,0,0
0,0,0,0,1,0,0
0,0,1,0,0,0,0
0,0,0,0,1,0,0
0,0,0,0,1,0,0
0,0,0,0,1,0,0
0,0,0,0,1,0,0
0,0,1,0,0,0,0
0,0,1,0,0,0,0
0,0,0,0,1,0,0
0,0,1,0,0,0,0
0,0,0,0,1,0,0
0,0,0,0,1,0,0
0,0,1,0,0,0,0
0,0,1,0,0,0,0
1,0,0,0,0,0,0
0,0,0,1,0,0,0
1,0,0,0,0,0,0
0,0,1,0,0,0,0
0,0,1,0,0,0,0
1,0,0,0,0,0,0
0,0,0,0,1,0,0
0,0,1,0,0,0,0
0,0,1,0,0,0,0
0,0,1,0,0,0,0
0,0,1,0,0,0,0
1,0,0,0,0,0,0
0,0,1,0,0,0,0
1,0,0,0,0,0,0
0,0,0,0,1,0,0
0,0,1,0,0,0,0
0,0,0,0,1,0,0
0,0,1,0,0,0,0
0,0,0,0,1,0,0
0,0,0,0,1,0,0
0,0,1,0,0,0,0
1,0,0,0,0,0,0
0,0,0,0,1,0,0
1,0,0,0,0,0,0
0,0,0,0,1,0,0
0,0,1,0,0,0,0
1,0,0,0,0,0,0
0,0,0,0,1,0,0
1,0,0,0,0,0,0
0,0,1,0,0,0,0
0,0,1,0,0,0,0
0,0,0,0,1,0,0
0,0,0,0,1,0,0
1,0,0,0,0,0,0
0,0,0,0,1,0,0
0,0,1,0,0,0,0
0,0,0,0,1,0,0
1,0,0,0,0,0,0
0,0,0,0,0,0,1
0,0,0,0,0,0,1
0,0,1,0,0,0,0
0,0,0,0,0,1,0
0,0,0,0,1,0,0
0,0,1,0,0,0,0
0,0,0,0,1,0,0
1,0,0,0,0,0,0
0,0,1,0,0,0,0
1,0,0,0,0,0,0
1,0,0,0,0,0,0
0,0,0,0,0,1,0
0,0,1,0,0,0,0
0,0,1,0,0,0,0
0,0,0,0,1,0,0
0,0,1,0,0,0,0
0,0,0,1,0,0,0
0,0,1,0,0,0,0
0,0,0,0,1,0,0
0,0,1,0,0,0,0
0,0,1,0,0,0,0
0,0,0,0,1,0,0
0,0,0,0,0,1,0
0,0,0,0,1,0,0
1,0,0,0,0,0,0
0,0,1,0,0,0,0
0,0,1,0,0,0,0
0,0,1,0,0,0,0
0,0,1,0,0,0,0
1,0,0,0,0,0,0
0,0,0,0,1,0,0
0,0,1,0,0,0,0
0,0,1,0,0,0,0
1,0,0,0,0,0,0
0,0,1,0,0,0,0
0,0,0,0,1,0,0
0,0,0,0,1,0,0
0,0,0,0,1,0,0
0,0,1,0,0,0,0
0,0,0,0,0,1,0
0,0,1,0,0,0,0
0,0,0,0,1,0,0
0,0,1,0,0,0,0
0,0,1,0,0,0,0
0,0,1,0,0,0,0
0,0,1,0,0,0,0
0,0,1,0,0,0,0
0,0,0,0,1,0,0
0,0,1,0,0,0,0
0,0,1,0,0,0,0
1,0,0,0,0,0,0
0,0,0,0,0,0,1
1,0,0,0,0,0,0
0,0,0,0,1,0,0
0,0,0,0,1,0,0
0,0,1,0,0,0,0
0,0,1,0,0,0,0
0,0,0,0,0,1,0
0,0,0,0,1,0,0
0,0,0,0,1,0,0
0,0,1,0,0,0,0
0,0,0,0,1,0,0
1,0,0,0,0,0,0
0,0,1,0,0,0,0
0,0,1,0,0,0,0
0,0,0,0,0,0,1
0,0,1,0,0,0,0
0,0,0,0,1,0,0
0,0,0,1,0,0,0
0,0,1,0,0,0,0
0,0,0,0,1,0,0
0,0,1,0,0,0,0
0,0,0,0,1,0,0
1,0,0,0,0,0,0
0,0,0,0,0,0,1
0,0,1,0,0,0,0
0,0,0,0,1,0,0
0,0,1,0,0,0,0
0,0,0,0,0,1,0
0,0,1,0,0,0,0
0,0,0,0,1,0,0
1,0,0,0,0,0,0
0,0,1,0,0,0,0
0,0,0,0,1,0,0
0,0,0,0,1,0,0
0,0,0,0,1,0,0
0,0,1,0,0,0,0
0,0,1,0,0,0,0
1,0,0,0,0,0,0
0,0,0,0,1,0,0
0,0,1,0,0,0,0
0,0,0,0,1,0,0
1,0,0,0,0,0,0
0,0,0,0,1,0,0
0,0,1,0,0,0,0
0,0,1,0,0,0,0
1,0,0,0,0,0,0
0,0,1,0,0,0,0
1,0,0,0,0,0,0
0,0,0,0,1,0,0
0,0,0,0,1,0,0
0,0,1,0,0,0,0
0,0,1,0,0,0,0
0,0,0,0,1,0,0
0,0,0,0,1,0,0
0,0,1,0,0,0,0
0,0,1,0,0,0,0
0,0,0,1,0,0,0
0,0,0,0,1,0,0
0,0,1,0,0,0,0
0,0,1,0,0,0,0
0,0,0,0,1,0,0
0,0,1,0,0,0,0
0,0,1,0,0,0,0
0,0,1,0,0,0,0
0,0,0,0,0,0,1
0,0,0,0,1,0,0
0,0,1,0,0,0,0
0,0,1,0,0,0,0
0,0,0,0,1,0,0
0,0,0,0,1,0,0
1,0,0,0,0,0,0
0,0,1,0,0,0,0
0,0,0,0,1,0,0
1,0,0,0,0,0,0
0,0,0,0,1,0,0
1,0,0,0,0,0,0
0,0,0,0,1,0,0
1,0,0,0,0,0,0
0,0,1,0,0,0,0
0,0,0,0,1,0,0
0,0,1,0,0,0,0
0,0,0,0,1,0,0
0,0,1,0,0,0,0
0,0,1,0,0,0,0
0,0,1,0,0,0,0
1,0,0,0,0,0,0
0,0,0,0,0,0,1
0,0,0,0,0,1,0
0,0,0,0,0,1,0
0,0,1,0,0,0,0
0,0,1,0,0,0,0
0,0,0,0,1,0,0
0,0,0,0,1,0,0
0,0,1,0,0,0,0
0,0,0,0,1,0,0
0,0,0,0,1,0,0
0,0,0,0,1,0,0
0,0,1,0,0,0,0
0,0,1,0,0,0,0
0,0,0,0,1,0,0
0,0,1,0,0,0,0
0,0,1,0,0,0,0
0,0,0,0,1,0,0
0,0,0,0,1,0,0
0,0,1,0,0,0,0
0,0,0,0,1,0,0
0,0,1,0,0,0,0
0,0,0,0,1,0,0
0,0,0,0,1,0,0
0,0,0,0,1,0,0
0,0,1,0,0,0,0
0,0,0,0,1,0,0
0,0,1,0,0,0,0
0,0,0,0,1,0,0
0,0,1,0,0,0,0
0,0,0,0,1,0,0
0,0,1,0,0,0,0
0,0,0,0,1,0,0
0,0,0,0,1,0,0
0,0,0,0,1,0,0
0,0,0,0,1,0,0
0,0,0,0,1,0,0
0,0,0,0,1,0,0
0,0,0,0,1,0,0
0,0,1,0,0,0,0
0,0,0,0,1,0,0
0,0,1,0,0,0,0
0,0,1,0,0,0,0
0,0,1,0,0,0,0
0,0,0,0,1,0,0
0,0,1,0,0,0,0
0,0,1,0,0,0,0
1,0,0,0,0,0,0
0,0,1,0,0,0,0
0,0,1,0,0,0,0
0,0,1,0,0,0,0
0,0,1,0,0,0,0
0,0,0,0,1,0,0
0,0,1,0,0,0,0
0,0,1,0,0,0,0
0,0,1,0,0,0,0
0,0,0,0,1,0,0
0,0,1,0,0,0,0
0,0,1,0,0,0,0
0,0,0,0,1,0,0
0,0,0,0,0,1,0
0,0,1,0,0,0,0
0,0,0,0,1,0,0
0,0,0,0,0,1,0
0,0,1,0,0,0,0
0,0,1,0,0,0,0
0,0,1,0,0,0,0
0,0,0,0,1,0,0
1,0,0,0,0,0,0
0,0,0,0,0,0,1
0,0,0,0,1,0,0
0,0,0,0,1,0,0
0,0,0,0,1,0,0
0,0,0,0,1,0,0
0,0,0,0,1,0,0
0,0,1,0,0,0,0
0,0,1,0,0,0,0
0,0,0,0,1,0,0
0,0,1,0,0,0,0
0,0,1,0,0,0,0
0,0,0,0,1,0,0
0,0,0,0,1,0,0
0,0,0,0,1,0,0
0,0,0,0,1,0,0
1,0,0,0,0,0,0
0,0,0,0,0,1,0
0,0,0,0,1,0,0
0,0,1,0,0,0,0
0,0,0,0,1,0,0
0,0,0,0,1,0,0
0,0,1,0,0,0,0
0,0,1,0,0,0,0
0,0,1,0,0,0,0
0,0,0,0,1,0,0
0,0,1,0,0,0,0
1,0,0,0,0,0,0
0,0,0,0,0,0,1
0,0,1,0,0,0,0
0,0,1,0,0,0,0
0,0,0,0,1,0,0
1,0,0,0,0,0,0
0,0,1,0,0,0,0
0,0,1,0,0,0,0
0,0,1,0,0,0,0
0,0,1,0,0,0,0
0,0,0,0,0,0,1
0,0,0,0,1,0,0
0,0,1,0,0,0,0
0,0,1,0,0,0,0
0,0,1,0,0,0,0
0,0,0,0,1,0,0
0,0,0,0,1,0,0
0,0,1,0,0,0,0
0,0,0,0,1,0,0
0,0,0,0,1,0,0
0,0,0,0,1,0,0
1,0,0,0,0,0,0
1,0,0,0,0,0,0
0,0,1,0,0,0,0
0,0,1,0,0,0,0
0,0,1,0,0,0,0
0,0,1,0,0,0,0
0,0,0,0,1,0,0
0,0,1,0,0,0,0
0,0,0,0,1,0,0
0,0,1,0,0,0,0
0,0,1,0,0,0,0
0,0,0,0,1,0,0
0,0,0,0,1,0,0
0,0,0,0,1,0,0
0,0,1,0,0,0,0
1,0,0,0,0,0,0
0,0,0,1,0,0,0
0,0,1,0,0,0,0
0,0,1,0,0,0,0
0,0,1,0,0,0,0
0,0,0,0,1,0,0
0,0,0,0,1,0,0
0,0,1,0,0,0,0
1,0,0,0,0,0,0
0,0,0,0,0,1,0
0,0,1,0,0,0,0
0,0,1,0,0,0,0
0,0,0,0,1,0,0
1,0,0,0,0,0,0
0,0,0,0,1,0,0
0,0,0,0,1,0,0
0,0,1,0,0,0,0
0,0,1,0,0,0,0
1,0,0,0,0,0,0
0,0,0,0,1,0,0
0,0,0,0,1,0,0
0,0,0,0,1,0,0
0,0,1,0,0,0,0
0,0,1,0,0,0,0
0,0,1,0,0,0,0
0,0,0,0,1,0,0
1,0,0,0,0,0,0
1,0,0,0,0,0,0
0,0,1,0,0,0,0
0,0,1,0,0,0,0
0,0,1,0,0,0,0
0,0,1,0,0,0,0
0,0,0,0,1,0,0
0,0,0,0,1,0,0
0,0,1,0,0,0,0
0,0,1,0,0,0,0
1,0,0,0,0,0,0
0,0,1,0,0,0,0
0,0,1,0,0,0,0
0,0,1,0,0,0,0
0,0,0,0,1,0,0
0,0,0,0,0,0,1
0,0,0,0,1,0,0
0,0,0,0,1,0,0
0,0,0,0,0,1,0
1,0,0,0,0,0,0
0,0,1,0,0,0,0
0,0,0,0,1,0,0
0,0,0,0,1,0,0
0,0,0,0,1,0,0
0,0,0,0,1,0,0
0,0,1,0,0,0,0
0,0,1,0,0,0,0
0,0,0,0,1,0,0
0,0,1,0,0,0,0
1,0,0,0,0,0,0
0,0,1,0,0,0,0
0,0,1,0,0,0,0
0,0,1,0,0,0,0
0,0,0,0,1,0,0
0,0,1,0,0,0,0
0,0,1,0,0,0,0
0,0,1,0,0,0,0
0,0,1,0,0,0,0
0,0,0,0,1,0,0
0,0,0,0,0,1,0
1,0,0,0,0,0,0
0,0,0,0,1,0,0
0,0,1,0,0,0,0
0,0,0,0,1,0,0
0,0,0,0,1,0,0
1,0,0,0,0,0,0
0,0,0,0,0,0,1
0,0,0,0,1,0,0
0,0,0,0,1,0,0
0,0,0,0,1,0,0
0,0,1,0,0,0,0
0,0,1,0,0,0,0
0,0,0,0,1,0,0
0,0,1,0,0,0,0
0,0,1,0,0,0,0
0,0,0,0,1,0,0
1,0,0,0,0,0,0
0,0,1,0,0,0,0
0,0,1,0,0,0,0
0,0,1,0,0,0,0
0,0,0,0,1,0,0
0,0,1,0,0,0,0
0,0,0,1,0,0,0
0,0,1,0,0,0,0
0,0,0,0,1,0,0
0,0,1,0,0,0,0
0,0,0,0,0,0,1
0,0,1,0,0,0,0
0,0,0,0,0,0,1
0,0,0,0,1,0,0
1,0,0,0,0,0,0
0,0,1,0,0,0,0
0,0,0,0,1,0,0
1,0,0,0,0,0,0
0,0,0,0,1,0,0
0,0,1,0,0,0,0
0,0,0,0,1,0,0
0,0,0,0,1,0,0
0,0,1,0,0,0,0
1,0,0,0,0,0,0
0,0,1,0,0,0,0
0,0,0,0,1,0,0
0,0,1,0,0,0,0
0,0,0,0,1,0,0
0,0,1,0,0,0,0
0,0,0,0,1,0,0
0,0,1,0,0,0,0
0,0,0,0,1,0,0
0,0,0,0,1,0,0
0,0,0,0,1,0,0
0,0,0,0,0,1,0
0,0,0,0,1,0,0
1,0,0,0,0,0,0
0,0,1,0,0,0,0
0,0,0,0,1,0,0
0,0,0,0,1,0,0
1,0,0,0,0,0,0
0,0,1,0,0,0,0
0,0,0,0,1,0,0
0,0,1,0,0,0,0
0,0,1,0,0,0,0
0,0,1,0,0,0,0
1,0,0,0,0,0,0
0,0,0,0,1,0,0
1,0,0,0,0,0,0
0,0,0,0,1,0,0
0,0,1,0,0,0,0
0,0,0,0,1,0,0
0,0,0,0,1,0,0
1,0,0,0,0,0,0
0,0,0,0,1,0,0
1,0,0,0,0,0,0
0,0,0,0,1,0,0
0,0,0,0,1,0,0
0,0,1,0,0,0,0
0,0,1,0,0,0,0
0,0,0,0,1,0,0
0,0,1,0,0,0,0
0,0,1,0,0,0,0
0,0,1,0,0,0,0
0,0,1,0,0,0,0
0,0,1,0,0,0,0
0,0,1,0,0,0,0
0,0,0,0,1,0,0
0,0,1,0,0,0,0
0,0,0,1,0,0,0
0,0,0,0,1,0,0
0,0,0,0,1,0,0
0,0,0,0,1,0,0
0,0,1,0,0,0,0
0,0,0,0,1,0,0
0,0,0,0,1,0,0
0,0,0,0,1,0,0
0,0,1,0,0,0,0
0,0,0,0,1,0,0
0,0,1,0,0,0,0
0,0,1,0,0,0,0
0,0,0,0,1,0,0
0,0,1,0,0,0,0
0,0,1,0,0,0,0
0,0,0,0,1,0,0
0,0,1,0,0,0,0
1,0,0,0,0,0,0
0,0,1,0,0,0,0
0,0,1,0,0,0,0
1,0,0,0,0,0,0
0,0,1,0,0,0,0
0,0,1,0,0,0,0
0,0,0,0,0,1,0
0,0,1,0,0,0,0
0,0,0,0,1,0,0
0,0,0,0,0,0,1
0,0,1,0,0,0,0
0,0,0,1,0,0,0
0,0,0,0,1,0,0
0,0,0,0,1,0,0
0,0,1,0,0,0,0
0,0,1,0,0,0,0
0,0,1,0,0,0,0
0,0,1,0,0,0,0
0,0,1,0,0,0,0
0,0,0,0,1,0,0
0,0,0,0,1,0,0
0,0,0,0,1,0,0
0,0,0,0,1,0,0
1,0,0,0,0,0,0
0,0,1,0,0,0,0
0,0,1,0,0,0,0
0,0,1,0,0,0,0
0,0,0,0,1,0,0
0,0,1,0,0,0,0
0,0,1,0,0,0,0
0,0,1,0,0,0,0
0,0,1,0,0,0,0
0,0,0,0,1,0,0
0,0,0,0,1,0,0
0,0,1,0,0,0,0
0,0,0,0,0,0,1
0,0,0,0,0,1,0
0,0,1,0,0,0,0
0,0,1,0,0,0,0
1,0,0,0,0,0,0
0,0,1,0,0,0,0
0,0,1,0,0,0,0
0,0,1,0,0,0,0
0,0,0,0,0,0,1
0,0,1,0,0,0,0
0,0,1,0,0,0,0
0,0,0,0,1,0,0
1,0,0,0,0,0,0
0,0,0,0,1,0,0
0,0,1,0,0,0,0
0,0,1,0,0,0,0
0,0,0,0,1,0,0
0,0,0,0,1,0,0
0,0,0,0,0,1,0
1,0,0,0,0,0,0
0,0,1,0,0,0,0
0,0,1,0,0,0,0
0,0,0,0,1,0,0
0,0,0,0,1,0,0
0,0,0,0,1,0,0
1,0,0,0,0,0,0
0,0,1,0,0,0,0
0,0,1,0,0,0,0
0,0,1,0,0,0,0
1,0,0,0,0,0,0
1,0,0,0,0,0,0
0,0,0,0,0,0,1
0,0,1,0,0,0,0
0,0,0,0,1,0,0
0,0,1,0,0,0,0
0,0,0,0,1,0,0
0,0,1,0,0,0,0
0,0,1,0,0,0,0
0,0,1,0,0,0,0
0,0,1,0,0,0,0
0,0,0,0,1,0,0
0,0,1,0,0,0,0
0,0,1,0,0,0,0
0,0,1,0,0,0,0
0,0,0,0,0,1,0
1,0,0,0,0,0,0
0,0,1,0,0,0,0
0,0,1,0,0,0,0
0,0,1,0,0,0,0
0,0,1,0,0,0,0
0,0,0,0,1,0,0
0,0,0,0,1,0,0
0,0,1,0,0,0,0
0,0,1,0,0,0,0
0,0,1,0,0,0,0
0,0,1,0,0,0,0
0,0,1,0,0,0,0
0,0,0,0,0,0,1
0,0,1,0,0,0,0
1,0,0,0,0,0,0
0,0,0,0,1,0,0
0,0,0,0,1,0,0
0,0,1,0,0,0,0
0,0,0,0,1,0,0
0,0,1,0,0,0,0
0,0,1,0,0,0,0
0,0,1,0,0,0,0
0,0,0,0,1,0,0
0,0,0,0,1,0,0
0,0,1,0,0,0,0
0,0,1,0,0,0,0
0,0,1,0,0,0,0
0,0,1,0,0,0,0
0,0,0,0,1,0,0
0,0,1,0,0,0,0
0,0,1,0,0,0,0
0,0,0,0,1,0,0
0,0,1,0,0,0,0
0,0,0,0,0,0,1
0,0,0,0,1,0,0
0,0,0,0,1,0,0
0,0,0,0,0,0,1
0,0,1,0,0,0,0
0,0,0,0,0,1,0
0,0,1,0,0,0,0
1,0,0,0,0,0,0
0,0,1,0,0,0,0
0,0,0,0,0,1,0
1,0,0,0,0,0,0
0,0,1,0,0,0,0
1,0,0,0,0,0,0
0,0,0,0,1,0,0
0,0,0,0,1,0,0
1,0,0,0,0,0,0
1,0,0,0,0,0,0
0,0,1,0,0,0,0
1,0,0,0,0,0,0
0,0,0,0,0,0,1
0,0,1,0,0,0,0
0,0,0,0,1,0,0
0,0,0,0,1,0,0
0,0,0,0,1,0,0
0,0,0,0,1,0,0
0,0,0,0,1,0,0
1,0,0,0,0,0,0
0,0,1,0,0,0,0
0,0,0,0,1,0,0
0,0,0,0,0,0,1
0,0,0,0,1,0,0
0,0,0,0,0,0,1
0,0,0,0,1,0,0
0,0,1,0,0,0,0
0,0,0,0,1,0,0
0,0,0,0,1,0,0
0,0,1,0,0,0,0
1,0,0,0,0,0,0
0,0,1,0,0,0,0
0,0,1,0,0,0,0
0,0,1,0,0,0,0
0,0,1,0,0,0,0
0,0,0,0,1,0,0
1,0,0,0,0,0,0
0,0,1,0,0,0,0
0,0,1,0,0,0,0
0,0,0,0,1,0,0
0,0,0,0,1,0,0
1,0,0,0,0,0,0
0,0,0,0,1,0,0
0,0,0,0,0,0,1
0,0,1,0,0,0,0
0,0,0,0,1,0,0
0,0,1,0,0,0,0
0,0,1,0,0,0,0
0,0,1,0,0,0,0
0,0,1,0,0,0,0
0,0,1,0,0,0,0
0,0,1,0,0,0,0
1,0,0,0,0,0,0
1,0,0,0,0,0,0
0,0,0,0,1,0,0
0,0,1,0,0,0,0
0,0,1,0,0,0,0
0,0,0,0,1,0,0
0,0,1,0,0,0,0
0,0,1,0,0,0,0
0,0,0,0,1,0,0
0,0,0,0,1,0,0
0,0,0,0,0,0,1
0,0,0,0,1,0,0
0,0,1,0,0,0,0
0,0,0,0,0,0,1
1,0,0,0,0,0,0
0,0,0,0,1,0,0
0,0,1,0,0,0,0
0,0,0,0,1,0,0
0,0,1,0,0,0,0
0,0,1,0,0,0,0
0,0,1,0,0,0,0
0,0,0,0,1,0,0
0,0,1,0,0,0,0
0,0,0,0,1,0,0
0,0,0,0,1,0,0
0,0,1,0,0,0,0
0,0,0,0,1,0,0
0,0,0,0,1,0,0
0,0,1,0,0,0,0
0,0,1,0,0,0,0
0,0,0,0,1,0,0
0,0,0,0,1,0,0
0,0,0,0,1,0,0
1,0,0,0,0,0,0
0,0,0,0,1,0,0
0,0,1,0,0,0,0
1,0,0,0,0,0,0
0,0,0,0,1,0,0
0,0,0,0,0,1,0
0,0,0,0,0,1,0
0,0,1,0,0,0,0
0,0,1,0,0,0,0
0,0,0,0,1,0,0
0,0,0,0,1,0,0
0,0,0,0,1,0,0
0,0,0,0,1,0,0
0,0,1,0,0,0,0
0,0,0,0,1,0,0
0,0,1,0,0,0,0
0,0,1,0,0,0,0
1,0,0,0,0,0,0
0,0,0,0,1,0,0
0,0,0,0,1,0,0
0,0,0,0,0,1,0
0,0,0,0,1,0,0
0,0,1,0,0,0,0
0,0,0,0,1,0,0
0,0,0,0,1,0,0
1,0,0,0,0,0,0
0,0,1,0,0,0,0
0,0,0,1,0,0,0
0,0,1,0,0,0,0
0,0,0,0,1,0,0
0,0,1,0,0,0,0
0,0,1,0,0,0,0
0,0,0,0,0,0,1
0,0,0,0,1,0,0
0,0,0,0,1,0,0
0,0,0,0,1,0,0
0,0,0,0,1,0,0
0,0,0,0,0,0,1
0,0,1,0,0,0,0
0,0,1,0,0,0,0
0,0,1,0,0,0,0
1,0,0,0,0,0,0
0,0,1,0,0,0,0
0,0,1,0,0,0,0
0,0,1,0,0,0,0
0,0,0,0,1,0,0
0,0,1,0,0,0,0
0,0,0,0,1,0,0
0,0,1,0,0,0,0
0,0,1,0,0,0,0
0,0,1,0,0,0,0
0,0,0,0,1,0,0
0,0,1,0,0,0,0
0,0,0,0,1,0,0
0,0,1,0,0,0,0
1,0,0,0,0,0,0
0,0,1,0,0,0,0
0,0,0,0,1,0,0
1,0,0,0,0,0,0
0,0,0,1,0,0,0
0,0,1,0,0,0,0
0,0,1,0,0,0,0
0,0,1,0,0,0,0
0,0,1,0,0,0,0
0,0,0,0,1,0,0
0,0,1,0,0,0,0
0,0,1,0,0,0,0
0,0,1,0,0,0,0
0,0,0,0,0,1,0
0,0,1,0,0,0,0
0,0,1,0,0,0,0
1,0,0,0,0,0,0
0,0,1,0,0,0,0
0,0,1,0,0,0,0
0,0,0,0,1,0,0
0,0,0,0,1,0,0
0,0,1,0,0,0,0
0,0,0,0,1,0,0
0,0,1,0,0,0,0
0,0,0,0,1,0,0
0,0,1,0,0,0,0
0,0,1,0,0,0,0
0,0,0,0,1,0,0
0,0,1,0,0,0,0
0,0,1,0,0,0,0
0,0,0,0,1,0,0
0,0,1,0,0,0,0
0,0,1,0,0,0,0
0,0,0,0,0,1,0
0,0,1,0,0,0,0
0,0,0,0,0,0,1
0,0,0,0,1,0,0
0,0,0,0,1,0,0
0,0,0,0,0,1,0
0,0,1,0,0,0,0
0,0,1,0,0,0,0
0,0,0,0,1,0,0
0,0,1,0,0,0,0
0,0,0,0,1,0,0
0,0,1,0,0,0,0
0,0,0,0,1,0,0
0,0,0,0,1,0,0
0,0,0,0,1,0,0
0,0,1,0,0,0,0
0,0,1,0,0,0,0
0,0,1,0,0,0,0
0,0,1,0,0,0,0
0,0,0,0,0,0,1
1,0,0,0,0,0,0
0,0,0,0,0,0,1
0,0,0,0,1,0,0
0,0,0,1,0,0,0
0,0,0,0,1,0,0
0,0,1,0,0,0,0
0,0,0,0,1,0,0
1,0,0,0,0,0,0
0,0,0,0,1,0,0
1,0,0,0,0,0,0
0,0,1,0,0,0,0
0,0,0,0,1,0,0
0,0,1,0,0,0,0
0,0,1,0,0,0,0
0,0,1,0,0,0,0
0,0,0,0,0,1,0
0,0,1,0,0,0,0
0,0,1,0,0,0,0
0,0,1,0,0,0,0
0,0,1,0,0,0,0
0,0,0,1,0,0,0
0,0,1,0,0,0,0
0,0,0,0,1,0,0
1,0,0,0,0,0,0
0,0,0,0,0,1,0
0,0,1,0,0,0,0
0,0,1,0,0,0,0
0,0,1,0,0,0,0
0,0,1,0,0,0,0
1,0,0,0,0,0,0
0,0,0,0,1,0,0
0,0,1,0,0,0,0
0,0,1,0,0,0,0
0,0,0,0,1,0,0
0,0,1,0,0,0,0
0,0,1,0,0,0,0
0,0,0,0,1,0,0
0,0,0,0,1,0,0
0,0,0,0,0,0,1
1,0,0,0,0,0,0
0,0,0,0,1,0,0
0,0,0,0,1,0,0
1,0,0,0,0,0,0
0,0,1,0,0,0,0
0,0,1,0,0,0,0
0,0,0,0,1,0,0
0,0,1,0,0,0,0
1,0,0,0,0,0,0
0,0,0,0,1,0,0
0,0,1,0,0,0,0
0,0,0,0,1,0,0
0,0,0,0,1,0,0
0,0,0,0,1,0,0
0,0,0,0,1,0,0
0,0,1,0,0,0,0
0,0,1,0,0,0,0
0,0,1,0,0,0,0
1,0,0,0,0,0,0
0,0,0,0,0,0,1
0,0,0,0,1,0,0
0,0,0,0,1,0,0
0,0,1,0,0,0,0
0,0,0,0,1,0,0
1,0,0,0,0,0,0
0,0,1,0,0,0,0
0,0,0,0,1,0,0
0,0,1,0,0,0,0
0,0,0,0,0,0,1
0,0,0,0,1,0,0
0,0,1,0,0,0,0
0,0,1,0,0,0,0
0,0,1,0,0,0,0
0,0,0,0,0,1,0
0,0,0,0,0,0,1
0,0,0,0,1,0,0
0,0,1,0,0,0,0
0,0,1,0,0,0,0
0,0,1,0,0,0,0
1,0,0,0,0,0,0
0,0,0,0,1,0,0
0,0,1,0,0,0,0
0,0,0,0,1,0,0
0,0,0,0,1,0,0
0,0,0,0,1,0,0
1,0,0,0,0,0,0
0,0,0,0,0,0,1
0,0,1,0,0,0,0
0,0,0,0,1,0,0
0,0,1,0,0,0,0
1,0,0,0,0,0,0
0,0,0,0,1,0,0
0,0,1,0,0,0,0
0,0,1,0,0,0,0
0,0,0,0,1,0,0
0,0,1,0,0,0,0
1,0,0,0,0,0,0
0,0,1,0,0,0,0
0,0,0,0,1,0,0
0,0,1,0,0,0,0
0,0,1,0,0,0,0
0,0,0,0,1,0,0
0,0,1,0,0,0,0
0,0,0,0,1,0,0
0,0,0,0,1,0,0
1,0,0,0,0,0,0
0,0,0,0,1,0,0
0,0,0,0,1,0,0
0,0,1,0,0,0,0
0,0,0,0,1,0,0
1,0,0,0,0,0,0
0,0,0,0,0,1,0
0,0,0,0,1,0,0
0,0,0,0,0,1,0
0,0,1,0,0,0,0
1,0,0,0,0,0,0
0,0,1,0,0,0,0
0,0,1,0,0,0,0
0,0,0,0,1,0,0
1,0,0,0,0,0,0
1,0,0,0,0,0,0
0,0,1,0,0,0,0
1,0,0,0,0,0,0
0,0,0,0,1,0,0
0,0,0,0,1,0,0
0,0,1,0,0,0,0
0,0,1,0,0,0,0
1,0,0,0,0,0,0
0,0,0,0,1,0,0
0,0,0,0,1,0,0
1,0,0,0,0,0,0
0,0,0,0,1,0,0
0,0,1,0,0,0,0
0,0,1,0,0,0,0
0,0,0,0,1,0,0
0,0,1,0,0,0,0
0,0,1,0,0,0,0
0,0,0,0,1,0,0
0,0,1,0,0,0,0
0,0,1,0,0,0,0
0,0,1,0,0,0,0
0,0,1,0,0,0,0
0,0,0,0,1,0,0
0,0,0,0,0,1,0
0,0,1,0,0,0,0
0,0,1,0,0,0,0
0,0,0,0,1,0,0
0,0,0,0,1,0,0
0,0,1,0,0,0,0
1,0,0,0,0,0,0
0,0,0,0,0,1,0
0,0,1,0,0,0,0
1,0,0,0,0,0,0
0,0,0,0,1,0,0
0,0,1,0,0,0,0
0,0,1,0,0,0,0
0,0,0,0,1,0,0
0,0,0,0,1,0,0
1,0,0,0,0,0,0
0,0,0,0,1,0,0
0,0,0,0,1,0,0
0,0,1,0,0,0,0
0,0,0,0,1,0,0
0,0,1,0,0,0,0
0,0,1,0,0,0,0
1,0,0,0,0,0,0
0,0,0,0,1,0,0
0,0,0,0,1,0,0
0,0,0,0,1,0,0
0,0,1,0,0,0,0
0,0,0,0,1,0,0
0,0,0,0,1,0,0
0,0,1,0,0,0,0
0,0,1,0,0,0,0
0,0,1,0,0,0,0
0,0,1,0,0,0,0
0,0,0,0,0,1,0
0,0,1,0,0,0,0
0,0,1,0,0,0,0
0,0,0,0,1,0,0
0,0,0,0,1,0,0
0,0,1,0,0,0,0
0,0,1,0,0,0,0
0,0,0,0,1,0,0
0,0,1,0,0,0,0
0,0,1,0,0,0,0
0,0,1,0,0,0,0
0,0,0,0,1,0,0
0,0,0,0,1,0,0
0,0,0,0,1,0,0
0,0,1,0,0,0,0
0,0,1,0,0,0,0
0,0,1,0,0,0,0
0,0,0,0,1,0,0
0,0,1,0,0,0,0
1,0,0,0,0,0,0
1,0,0,0,0,0,0
0,0,1,0,0,0,0
1,0,0,0,0,0,0
0,0,1,0,0,0,0
0,0,1,0,0,0,0
0,0,0,0,0,0,1
0,0,1,0,0,0,0
0,0,1,0,0,0,0
0,0,0,0,1,0,0
1,0,0,0,0,0,0
0,0,1,0,0,0,0
0,0,0,0,1,0,0
1,0,0,0,0,0,0
0,0,1,0,0,0,0
0,0,1,0,0,0,0
0,0,0,0,1,0,0
0,0,1,0,0,0,0
0,0,0,0,1,0,0
0,0,1,0,0,0,0
1,0,0,0,0,0,0
0,0,1,0,0,0,0
0,0,1,0,0,0,0
1,0,0,0,0,0,0
0,0,1,0,0,0,0
0,0,1,0,0,0,0
0,0,1,0,0,0,0
1,0,0,0,0,0,0
0,0,1,0,0,0,0
0,0,0,0,1,0,0
1,0,0,0,0,0,0
0,0,1,0,0,0,0
0,0,0,0,1,0,0
0,0,0,0,1,0,0
0,0,0,0,1,0,0
0,0,0,0,1,0,0
0,0,1,0,0,0,0
0,0,1,0,0,0,0
0,0,0,0,1,0,0
0,0,0,0,1,0,0
0,0,1,0,0,0,0
0,0,0,0,1,0,0
0,0,1,0,0,0,0
0,0,0,0,1,0,0
0,0,0,0,0,0,1
0,0,0,0,1,0,0
0,0,1,0,0,0,0
0,0,0,0,1,0,0
0,0,1,0,0,0,0
0,0,0,0,1,0,0
0,0,0,0,1,0,0
0,0,0,0,1,0,0
0,0,1,0,0,0,0
0,0,0,0,1,0,0
0,0,1,0,0,0,0
0,0,1,0,0,0,0
1,0,0,0,0,0,0
0,0,1,0,0,0,0
0,0,0,0,1,0,0
0,0,1,0,0,0,0
0,0,0,0,1,0,0
0,0,1,0,0,0,0
0,0,0,0,1,0,0
0,0,0,0,1,0,0
0,0,1,0,0,0,0
1,0,0,0,0,0,0
1,0,0,0,0,0,0
0,0,0,0,1,0,0
0,0,1,0,0,0,0
0,0,1,0,0,0,0
0,0,0,0,1,0,0
0,0,1,0,0,0,0
0,0,1,0,0,0,0
0,0,1,0,0,0,0
0,0,1,0,0,0,0
0,0,1,0,0,0,0
0,0,0,0,1,0,0
0,0,1,0,0,0,0
0,0,0,0,1,0,0
0,0,1,0,0,0,0
0,0,1,0,0,0,0
0,0,0,0,1,0,0
0,0,1,0,0,0,0
0,0,0,0,1,0,0
0,0,0,0,1,0,0
0,0,1,0,0,0,0
1,0,0,0,0,0,0
0,0,1,0,0,0,0
0,0,1,0,0,0,0
0,0,0,0,1,0,0
0,0,0,0,1,0,0
0,0,0,0,1,0,0
0,0,0,0,1,0,0
1,0,0,0,0,0,0
0,0,0,1,0,0,0
0,0,0,0,1,0,0
0,0,1,0,0,0,0
1,0,0,0,0,0,0
1,0,0,0,0,0,0
0,0,0,0,1,0,0
0,0,0,0,1,0,0
0,0,1,0,0,0,0
1,0,0,0,0,0,0
0,0,1,0,0,0,0
0,0,0,0,1,0,0
1,0,0,0,0,0,0
1,0,0,0,0,0,0
1,0,0,0,0,0,0
0,0,0,0,1,0,0
0,0,0,0,1,0,0
0,0,1,0,0,0,0
0,0,0,0,1,0,0
0,0,1,0,0,0,0
1,0,0,0,0,0,0
0,0,1,0,0,0,0
0,0,0,0,1,0,0
0,0,1,0,0,0,0
0,0,1,0,0,0,0
0,0,1,0,0,0,0
0,0,0,0,1,0,0
0,0,0,0,1,0,0
0,0,1,0,0,0,0
0,0,1,0,0,0,0
0,0,1,0,0,0,0
0,0,0,0,0,1,0
0,0,0,0,0,0,1
0,0,1,0,0,0,0
0,0,0,0,1,0,0
0,0,1,0,0,0,0
0,0,0,0,1,0,0
0,0,0,0,1,0,0
0,0,0,0,0,0,1
0,0,1,0,0,0,0
0,0,0,1,0,0,0
0,0,1,0,0,0,0
0,0,0,0,1,0,0
0,0,1,0,0,0,0
0,0,0,0,1,0,0
0,0,1,0,0,0,0
0,0,1,0,0,0,0
0,0,0,0,1,0,0
0,0,0,0,1,0,0
0,0,1,0,0,0,0
0,0,1,0,0,0,0
0,0,0,0,1,0,0
0,0,1,0,0,0,0
0,0,1,0,0,0,0
0,0,0,0,1,0,0
0,0,0,0,1,0,0
0,0,0,0,1,0,0
1,0,0,0,0,0,0
0,0,1,0,0,0,0
0,0,1,0,0,0,0
0,0,0,0,1,0,0
0,0,1,0,0,0,0
0,0,0,0,0,1,0
0,0,0,0,1,0,0
0,0,0,0,1,0,0
1,0,0,0,0,0,0
0,0,0,0,1,0,0
0,0,1,0,0,0,0
0,0,1,0,0,0,0
0,0,0,0,1,0,0
0,0,0,0,1,0,0
0,0,1,0,0,0,0
0,0,0,0,1,0,0
0,0,1,0,0,0,0
1,0,0,0,0,0,0
0,0,1,0,0,0,0
0,0,1,0,0,0,0
0,0,1,0,0,0,0
0,0,1,0,0,0,0
0,0,0,1,0,0,0
0,0,1,0,0,0,0
0,0,0,0,1,0,0
0,0,1,0,0,0,0
0,0,1,0,0,0,0
1,0,0,0,0,0,0
0,0,0,0,1,0,0
0,0,1,0,0,0,0
0,0,0,0,1,0,0
0,0,1,0,0,0,0
1,0,0,0,0,0,0
0,0,0,0,1,0,0
0,0,1,0,0,0,0
0,0,1,0,0,0,0
0,0,0,1,0,0,0
0,0,0,0,1,0,0
1,0,0,0,0,0,0
0,0,0,0,1,0,0
0,0,1,0,0,0,0
0,0,0,0,1,0,0
0,0,0,0,1,0,0
0,0,0,0,1,0,0
0,0,0,0,0,0,1
1,0,0,0,0,0,0
0,0,1,0,0,0,0
0,0,1,0,0,0,0
0,0,1,0,0,0,0
1,0,0,0,0,0,0
0,0,0,0,1,0,0
0,0,0,0,1,0,0
0,0,0,0,0,0,1
0,0,0,0,0,0,1
0,0,1,0,0,0,0
0,0,1,0,0,0,0
0,0,1,0,0,0,0
0,0,0,0,1,0,0
0,0,1,0,0,0,0
0,0,0,0,1,0,0
0,0,0,0,1,0,0
0,0,0,0,1,0,0
1,0,0,0,0,0,0
0,0,0,0,1,0,0
0,0,1,0,0,0,0
0,0,1,0,0,0,0
0,0,0,0,1,0,0
0,0,0,0,1,0,0
0,0,0,0,1,0,0
0,0,1,0,0,0,0
0,0,1,0,0,0,0
0,0,1,0,0,0,0
0,0,0,0,1,0,0
0,0,0,0,0,1,0
0,0,1,0,0,0,0
1,0,0,0,0,0,0
0,0,0,0,0,0,1
0,0,1,0,0,0,0
0,0,0,0,1,0,0
0,0,0,0,0,0,1
0,0,0,0,1,0,0
0,0,1,0,0,0,0
1,0,0,0,0,0,0
0,0,1,0,0,0,0
1,0,0,0,0,0,0
0,0,1,0,0,0,0
0,0,0,0,0,1,0
0,0,0,0,1,0,0
0,0,1,0,0,0,0
0,0,0,0,1,0,0
0,0,1,0,0,0,0
0,0,0,0,1,0,0
0,0,0,0,1,0,0
0,0,1,0,0,0,0
0,0,0,0,1,0,0
0,0,1,0,0,0,0
1,0,0,0,0,0,0
0,0,0,0,0,1,0
0,0,1,0,0,0,0
1,0,0,0,0,0,0
0,0,0,0,1,0,0
0,0,0,0,0,1,0
0,0,1,0,0,0,0
0,0,1,0,0,0,0
0,0,0,0,1,0,0
0,0,0,0,1,0,0
0,0,0,0,1,0,0
0,0,0,0,1,0,0
0,0,0,0,1,0,0
0,0,0,0,1,0,0
0,0,0,0,1,0,0
0,0,1,0,0,0,0
0,0,0,0,0,0,1
0,0,1,0,0,0,0
0,0,1,0,0,0,0
0,0,0,0,1,0,0
0,0,1,0,0,0,0
0,0,0,0,0,0,1
0,0,0,0,0,1,0
0,0,1,0,0,0,0
0,0,0,0,0,0,1
1,0,0,0,0,0,0
0,0,0,0,1,0,0
0,0,1,0,0,0,0
1,0,0,0,0,0,0
0,0,1,0,0,0,0
0,0,0,0,1,0,0
0,0,1,0,0,0,0
0,0,1,0,0,0,0
0,0,0,0,0,1,0
0,0,1,0,0,0,0
0,0,1,0,0,0,0
0,0,1,0,0,0,0
0,0,1,0,0,0,0
0,0,0,0,1,0,0
0,0,1,0,0,0,0
0,0,0,0,0,0,1
0,0,0,0,0,1,0
0,0,0,0,1,0,0
0,0,1,0,0,0,0
0,0,1,0,0,0,0
0,0,1,0,0,0,0
0,0,1,0,0,0,0
0,0,0,1,0,0,0
0,0,1,0,0,0,0
0,0,1,0,0,0,0
0,0,0,0,1,0,0
0,0,0,0,1,0,0
0,0,0,0,1,0,0
0,0,1,0,0,0,0
0,0,0,0,1,0,0
1,0,0,0,0,0,0
0,0,0,0,1,0,0
0,0,1,0,0,0,0
1,0,0,0,0,0,0
0,0,0,0,1,0,0
0,0,1,0,0,0,0
0,0,0,0,1,0,0
0,0,0,0,1,0,0
0,0,0,0,0,1,0
0,0,0,0,1,0,0
0,0,1,0,0,0,0
0,0,0,0,1,0,0
0,0,1,0,0,0,0
0,0,1,0,0,0,0
0,0,1,0,0,0,0
0,0,1,0,0,0,0
0,0,0,0,1,0,0
0,0,1,0,0,0,0
0,0,0,0,1,0,0
0,0,1,0,0,0,0
0,0,1,0,0,0,0
0,0,1,0,0,0,0
1,0,0,0,0,0,0
0,0,1,0,0,0,0
0,0,1,0,0,0,0
0,0,1,0,0,0,0
0,0,0,0,0,0,1
1,0,0,0,0,0,0
0,0,1,0,0,0,0
0,0,1,0,0,0,0
0,0,1,0,0,0,0
0,0,1,0,0,0,0
0,0,1,0,0,0,0
0,0,0,0,1,0,0
0,0,0,0,1,0,0
0,0,0,0,0,0,1
0,0,1,0,0,0,0
1,0,0,0,0,0,0
0,0,1,0,0,0,0
0,0,1,0,0,0,0
0,0,0,0,1,0,0
0,0,1,0,0,0,0
0,0,0,0,1,0,0
0,0,0,0,1,0,0
1,0,0,0,0,0,0
0,0,1,0,0,0,0
0,0,0,0,1,0,0
0,0,0,0,1,0,0
0,0,0,0,1,0,0
0,0,0,0,1,0,0
0,0,1,0,0,0,0
0,0,1,0,0,0,0
1,0,0,0,0,0,0
0,0,1,0,0,0,0
0,0,0,0,1,0,0
0,0,1,0,0,0,0
0,0,0,0,1,0,0
0,0,1,0,0,0,0
0,0,0,0,1,0,0
0,0,1,0,0,0,0
0,0,0,0,1,0,0
0,0,0,0,1,0,0
0,0,0,0,1,0,0
0,0,0,0,1,0,0
0,0,1,0,0,0,0
0,0,0,0,1,0,0
0,0,0,0,1,0,0
0,0,1,0,0,0,0
0,0,1,0,0,0,0
0,0,1,0,0,0,0
0,0,0,0,1,0,0
0,0,0,1,0,0,0
0,0,1,0,0,0,0
1,0,0,0,0,0,0
0,0,0,0,1,0,0
0,0,0,0,1,0,0
1,0,0,0,0,0,0
1,0,0,0,0,0,0
0,0,1,0,0,0,0
0,0,0,0,1,0,0
0,0,1,0,0,0,0
0,0,1,0,0,0,0
0,0,1,0,0,0,0
1,0,0,0,0,0,0
0,0,0,0,1,0,0
0,0,1,0,0,0,0
0,0,0,0,1,0,0
0,0,0,0,1,0,0
0,0,0,0,1,0,0
1,0,0,0,0,0,0
0,0,1,0,0,0,0
0,0,1,0,0,0,0
0,0,0,0,1,0,0
0,0,1,0,0,0,0
0,0,1,0,0,0,0
0,0,1,0,0,0,0
0,0,1,0,0,0,0
0,0,1,0,0,0,0
0,0,1,0,0,0,0
0,0,0,0,1,0,0
0,0,1,0,0,0,0
0,0,0,0,1,0,0
0,0,0,0,1,0,0
0,0,0,0,1,0,0
0,0,0,0,1,0,0
0,0,0,0,1,0,0
0,0,0,0,1,0,0
0,0,0,0,1,0,0
1,0,0,0,0,0,0
1,0,0,0,0,0,0
0,0,1,0,0,0,0
0,0,0,0,1,0,0
0,0,1,0,0,0,0
0,0,0,0,1,0,0
0,0,1,0,0,0,0
0,0,0,0,1,0,0
0,0,1,0,0,0,0
1,0,0,0,0,0,0
0,0,1,0,0,0,0
0,0,1,0,0,0,0
1,0,0,0,0,0,0
0,0,1,0,0,0,0
0,0,0,0,1,0,0
0,0,0,0,1,0,0
0,0,0,0,1,0,0
1,0,0,0,0,0,0
0,0,0,0,0,1,0
0,0,1,0,0,0,0
0,0,1,0,0,0,0
0,0,1,0,0,0,0
0,0,1,0,0,0,0
0,0,0,0,1,0,0
0,0,0,0,1,0,0
0,0,1,0,0,0,0
0,0,1,0,0,0,0
0,0,0,0,1,0,0
0,0,0,0,1,0,0
0,0,1,0,0,0,0
0,0,0,0,1,0,0
0,0,0,0,1,0,0
0,0,0,0,1,0,0
0,0,0,0,1,0,0
0,0,0,0,1,0,0
0,0,1,0,0,0,0
0,0,0,0,1,0,0
1,0,0,0,0,0,0
1,0,0,0,0,0,0
0,0,0,0,1,0,0
1,0,0,0,0,0,0
1,0,0,0,0,0,0
1,0,0,0,0,0,0
0,0,1,0,0,0,0
0,0,1,0,0,0,0
0,0,1,0,0,0,0
1,0,0,0,0,0,0
0,0,0,0,0,1,0
0,0,0,0,1,0,0
0,0,0,0,1,0,0
0,0,0,0,1,0,0
0,0,0,0,0,1,0
0,0,1,0,0,0,0
1,0,0,0,0,0,0
0,0,0,0,1,0,0
0,0,1,0,0,0,0
0,0,0,0,0,0,1
0,0,1,0,0,0,0
0,0,1,0,0,0,0
0,0,1,0,0,0,0
0,0,1,0,0,0,0
1,0,0,0,0,0,0
0,0,1,0,0,0,0
0,0,1,0,0,0,0
0,0,0,0,1,0,0
0,0,0,0,1,0,0
0,0,0,0,0,1,0
0,0,0,0,1,0,0
0,0,1,0,0,0,0
0,0,0,0,1,0,0
0,0,1,0,0,0,0
0,0,0,0,1,0,0
0,0,1,0,0,0,0
0,0,1,0,0,0,0
1,0,0,0,0,0,0
0,0,1,0,0,0,0
0,0,1,0,0,0,0
0,0,0,0,1,0,0
0,0,0,0,0,1,0
0,0,0,0,1,0,0
0,0,0,0,1,0,0
0,0,1,0,0,0,0
0,0,1,0,0,0,0
0,0,0,0,1,0,0
0,0,0,0,1,0,0
0,0,1,0,0,0,0
0,0,1,0,0,0,0
0,0,0,0,0,1,0
0,0,1,0,0,0,0
0,0,0,0,1,0,0
1,0,0,0,0,0,0
0,0,1,0,0,0,0
0,0,0,0,1,0,0
0,0,0,0,1,0,0
0,0,0,0,1,0,0
1,0,0,0,0,0,0
0,0,1,0,0,0,0
0,0,0,0,1,0,0
0,0,0,0,1,0,0
0,0,0,0,1,0,0
0,0,0,0,1,0,0
0,0,0,0,1,0,0
0,0,1,0,0,0,0
0,0,0,0,1,0,0
0,0,1,0,0,0,0
0,0,0,0,1,0,0
0,0,1,0,0,0,0
0,0,1,0,0,0,0
0,0,0,0,0,1,0
1,0,0,0,0,0,0
0,0,1,0,0,0,0
0,0,1,0,0,0,0
0,0,1,0,0,0,0
0,0,0,0,0,1,0
0,0,0,0,1,0,0
0,0,1,0,0,0,0
0,0,1,0,0,0,0
1,0,0,0,0,0,0
0,0,1,0,0,0,0
0,0,0,0,1,0,0
0,0,0,0,1,0,0
0,0,0,0,0,0,1
0,0,1,0,0,0,0
0,0,0,0,0,0,1
0,0,1,0,0,0,0
0,0,0,0,1,0,0
1,0,0,0,0,0,0
1,0,0,0,0,0,0
0,0,1,0,0,0,0
0,0,0,0,1,0,0
0,0,1,0,0,0,0
0,0,1,0,0,0,0
0,0,0,0,1,0,0
0,0,1,0,0,0,0
1,0,0,0,0,0,0
0,0,1,0,0,0,0
0,0,1,0,0,0,0
0,0,1,0,0,0,0
1,0,0,0,0,0,0
0,0,0,0,1,0,0
0,0,1,0,0,0,0
0,0,0,0,1,0,0
0,0,1,0,0,0,0
0,0,0,0,1,0,0
1,0,0,0,0,0,0
0,0,0,0,1,0,0
0,0,1,0,0,0,0
0,0,0,0,1,0,0
0,0,1,0,0,0,0
0,0,1,0,0,0,0
0,0,0,0,1,0,0
0,0,0,0,0,1,0
0,0,0,0,1,0,0
0,0,1,0,0,0,0
0,0,1,0,0,0,0
0,0,0,0,1,0,0
1,0,0,0,0,0,0
0,0,0,0,1,0,0
0,0,1,0,0,0,0
0,0,1,0,0,0,0
0,0,1,0,0,0,0
0,0,1,0,0,0,0
0,0,0,0,0,0,1
1,0,0,0,0,0,0
0,0,0,0,1,0,0
0,0,0,0,1,0,0
0,0,1,0,0,0,0
0,0,0,0,0,1,0
1,0,0,0,0,0,0
0,0,0,0,1,0,0
0,0,1,0,0,0,0
0,0,1,0,0,0,0
1,0,0,0,0,0,0
0,0,0,0,1,0,0
0,0,0,0,1,0,0
0,0,0,0,1,0,0
0,0,1,0,0,0,0
0,0,1,0,0,0,0
0,0,0,0,1,0,0
1,0,0,0,0,0,0
0,0,0,0,1,0,0
0,0,1,0,0,0,0
0,0,1,0,0,0,0
0,0,0,0,0,1,0
1,0,0,0,0,0,0
1,0,0,0,0,0,0
0,0,0,0,1,0,0
0,0,1,0,0,0,0
1,0,0,0,0,0,0
0,0,0,0,1,0,0
0,0,1,0,0,0,0
0,0,1,0,0,0,0
0,0,1,0,0,0,0
0,0,0,0,1,0,0
1,0,0,0,0,0,0
0,0,0,0,1,0,0
1,0,0,0,0,0,0
0,0,0,0,1,0,0
0,0,1,0,0,0,0
0,0,1,0,0,0,0
0,0,1,0,0,0,0
0,0,1,0,0,0,0
0,0,0,0,0,1,0
0,0,1,0,0,0,0
0,0,0,0,1,0,0
1,0,0,0,0,0,0
0,0,0,0,1,0,0
0,0,0,0,1,0,0
0,0,1,0,0,0,0
0,0,1,0,0,0,0
0,0,0,0,1,0,0
0,0,1,0,0,0,0
0,0,1,0,0,0,0
0,0,0,0,1,0,0
0,0,0,0,1,0,0
0,0,1,0,0,0,0
0,0,0,0,1,0,0
0,0,1,0,0,0,0
0,0,0,0,1,0,0
0,0,1,0,0,0,0
0,0,0,0,1,0,0
0,0,0,0,1,0,0
0,0,0,0,1,0,0
0,0,1,0,0,0,0
0,0,0,0,0,0,1
0,0,0,0,1,0,0
0,0,1,0,0,0,0
0,0,1,0,0,0,0
0,0,0,0,1,0,0
0,0,0,0,1,0,0
0,0,0,0,1,0,0
0,0,0,0,1,0,0
0,0,0,0,1,0,0
0,0,1,0,0,0,0
0,0,0,0,0,1,0
0,0,0,0,1,0,0
0,0,1,0,0,0,0
0,0,1,0,0,0,0
0,0,1,0,0,0,0
0,0,0,0,1,0,0
0,0,0,0,0,0,1
0,0,0,0,1,0,0
0,0,1,0,0,0,0
0,0,1,0,0,0,0
0,0,0,0,1,0,0
1,0,0,0,0,0,0
1,0,0,0,0,0,0
0,0,0,0,0,0,1
0,0,0,0,1,0,0
0,0,1,0,0,0,0
0,0,0,0,1,0,0
0,0,1,0,0,0,0
0,0,0,0,0,1,0
0,0,1,0,0,0,0
0,0,1,0,0,0,0
1,0,0,0,0,0,0
0,0,1,0,0,0,0
0,0,0,0,1,0,0
0,0,1,0,0,0,0
0,0,0,0,1,0,0
0,0,0,0,1,0,0
0,0,1,0,0,0,0
0,0,0,0,1,0,0
0,0,0,0,1,0,0
0,0,0,0,1,0,0
0,0,1,0,0,0,0
0,0,1,0,0,0,0
0,0,1,0,0,0,0
0,0,1,0,0,0,0
0,0,1,0,0,0,0
0,0,1,0,0,0,0
0,0,0,0,1,0,0
0,0,0,0,1,0,0
0,0,0,0,1,0,0
0,0,0,0,1,0,0
0,0,1,0,0,0,0
0,0,1,0,0,0,0
0,0,0,0,0,0,1
0,0,1,0,0,0,0
0,0,1,0,0,0,0
1,0,0,0,0,0,0
0,0,1,0,0,0,0
0,0,0,0,1,0,0
0,0,1,0,0,0,0
0,0,1,0,0,0,0
0,0,0,0,1,0,0
0,0,0,0,1,0,0
0,0,1,0,0,0,0
1,0,0,0,0,0,0
0,0,1,0,0,0,0
0,0,1,0,0,0,0
0,0,1,0,0,0,0
0,0,0,0,1,0,0
1,0,0,0,0,0,0
1,0,0,0,0,0,0
0,0,1,0,0,0,0
0,0,1,0,0,0,0
0,0,0,0,1,0,0
0,0,0,0,1,0,0
0,0,1,0,0,0,0
0,0,0,0,1,0,0
0,0,1,0,0,0,0
0,0,0,0,1,0,0
0,0,1,0,0,0,0
0,0,1,0,0,0,0
0,0,0,0,1,0,0
0,0,0,0,1,0,0
0,0,1,0,0,0,0
0,0,1,0,0,0,0
0,0,0,0,1,0,0
0,0,0,0,1,0,0
0,0,1,0,0,0,0
0,0,0,0,1,0,0
0,0,0,0,1,0,0
0,0,1,0,0,0,0
0,0,1,0,0,0,0
0,0,1,0,0,0,0
0,0,1,0,0,0,0
0,0,0,0,1,0,0
0,0,0,0,1,0,0
0,0,0,0,1,0,0
0,0,0,0,1,0,0
0,0,0,0,1,0,0
0,0,0,0,1,0,0
0,0,0,0,1,0,0
0,0,0,0,1,0,0
1,0,0,0,0,0,0
0,0,1,0,0,0,0
0,0,1,0,0,0,0
0,0,0,0,1,0,0
0,0,1,0,0,0,0
0,0,1,0,0,0,0
0,0,1,0,0,0,0
0,0,0,0,1,0,0
0,0,0,0,1,0,0
0,0,0,0,1,0,0
0,0,1,0,0,0,0
0,0,1,0,0,0,0
0,0,1,0,0,0,0
0,0,0,0,1,0,0
0,0,0,0,1,0,0
0,0,1,0,0,0,0
0,0,0,0,1,0,0
0,0,0,0,1,0,0
0,0,0,0,1,0,0
0,0,0,0,0,0,1
0,0,1,0,0,0,0
0,0,0,0,1,0,0
0,0,1,0,0,0,0
0,0,1,0,0,0,0
0,0,1,0,0,0,0
0,0,0,0,1,0,0
0,0,0,0,1,0,0
0,0,0,0,1,0,0
0,0,1,0,0,0,0
0,0,1,0,0,0,0
0,0,1,0,0,0,0
0,0,0,0,1,0,0
0,0,1,0,0,0,0
0,0,1,0,0,0,0
0,0,0,1,0,0,0
0,0,1,0,0,0,0
0,0,0,0,1,0,0
0,0,0,0,1,0,0
0,0,0,0,1,0,0
0,0,1,0,0,0,0
0,0,1,0,0,0,0
0,0,1,0,0,0,0
0,0,0,0,1,0,0
0,0,0,0,0,0,1
1,0,0,0,0,0,0
0,0,0,0,1,0,0
1,0,0,0,0,0,0
0,0,0,0,1,0,0
0,0,1,0,0,0,0
1,0,0,0,0,0,0
0,0,1,0,0,0,0
1,0,0,0,0,0,0
0,0,1,0,0,0,0
0,0,0,0,1,0,0
0,0,0,0,1,0,0
1,0,0,0,0,0,0
0,0,0,0,1,0,0
0,0,1,0,0,0,0
0,0,1,0,0,0,0
0,0,0,0,1,0,0
0,0,1,0,0,0,0
0,0,0,0,0,1,0
0,0,0,0,1,0,0
0,0,0,0,1,0,0
0,0,1,0,0,0,0
0,0,0,1,0,0,0
0,0,0,0,1,0,0
0,0,1,0,0,0,0
0,0,1,0,0,0,0
0,0,0,0,1,0,0
0,0,1,0,0,0,0
0,0,0,0,1,0,0
0,0,1,0,0,0,0
0,0,0,0,1,0,0
0,0,1,0,0,0,0
0,0,0,0,1,0,0
0,0,1,0,0,0,0
1,0,0,0,0,0,0
0,0,0,0,0,1,0
0,0,0,0,1,0,0
0,0,1,0,0,0,0
0,0,1,0,0,0,0
0,0,1,0,0,0,0
1,0,0,0,0,0,0
1,0,0,0,0,0,0
0,0,1,0,0,0,0
0,0,1,0,0,0,0
0,0,0,0,1,0,0
0,0,0,0,1,0,0
0,0,0,0,1,0,0
0,0,0,0,1,0,0
0,1,0,0,0,0,0
1,0,0,0,0,0,0
1,0,0,0,0,0,0
0,0,0,0,1,0,0
1,0,0,0,0,0,0
0,0,0,0,1,0,0
0,0,0,0,1,0,0
0,0,0,0,0,0,1
0,0,0,0,1,0,0
0,0,1,0,0,0,0
0,0,1,0,0,0,0
0,0,1,0,0,0,0
0,0,0,0,0,1,0
0,0,0,0,1,0,0
0,0,1,0,0,0,0
0,0,1,0,0,0,0
0,0,1,0,0,0,0
0,0,0,0,1,0,0
1,0,0,0,0,0,0
0,0,0,0,1,0,0
0,0,1,0,0,0,0
0,0,1,0,0,0,0
0,0,0,0,1,0,0
0,0,1,0,0,0,0
1,0,0,0,0,0,0
0,0,1,0,0,0,0
0,0,0,0,1,0,0
0,0,1,0,0,0,0
0,0,1,0,0,0,0
0,0,1,0,0,0,0
0,0,0,0,1,0,0
0,0,1,0,0,0,0
0,0,0,0,1,0,0
0,0,1,0,0,0,0
0,0,1,0,0,0,0
0,0,1,0,0,0,0
0,0,0,0,1,0,0
0,0,0,0,1,0,0
0,0,1,0,0,0,0
0,0,0,0,1,0,0
0,0,1,0,0,0,0
0,0,0,0,1,0,0
0,0,0,0,1,0,0
0,0,0,0,1,0,0
0,0,0,0,1,0,0
0,0,0,0,1,0,0
0,0,1,0,0,0,0
1,0,0,0,0,0,0
1,0,0,0,0,0,0
0,0,1,0,0,0,0
0,0,1,0,0,0,0
0,0,1,0,0,0,0
0,0,1,0,0,0,0
1,0,0,0,0,0,0
0,0,1,0,0,0,0
0,0,1,0,0,0,0
1,0,0,0,0,0,0
0,0,1,0,0,0,0
0,0,1,0,0,0,0
0,0,0,0,0,1,0
1,0,0,0,0,0,0
0,0,0,0,1,0,0
0,0,1,0,0,0,0
1,0,0,0,0,0,0
0,0,1,0,0,0,0
0,0,1,0,0,0,0
0,0,0,0,1,0,0
0,0,1,0,0,0,0
0,0,1,0,0,0,0
0,0,0,0,1,0,0
0,0,1,0,0,0,0
0,0,1,0,0,0,0
1,0,0,0,0,0,0
0,0,0,0,1,0,0
1,0,0,0,0,0,0
0,0,1,0,0,0,0
0,0,1,0,0,0,0
0,0,1,0,0,0,0
1,0,0,0,0,0,0
0,0,1,0,0,0,0
0,0,0,0,1,0,0
1,0,0,0,0,0,0
1,0,0,0,0,0,0
0,0,1,0,0,0,0
0,0,1,0,0,0,0
0,0,1,0,0,0,0
0,0,1,0,0,0,0
0,0,1,0,0,0,0
0,0,1,0,0,0,0
0,0,0,0,1,0,0
0,0,1,0,0,0,0
0,0,1,0,0,0,0
0,0,1,0,0,0,0
1,0,0,0,0,0,0
0,0,1,0,0,0,0
0,0,1,0,0,0,0
0,0,0,0,0,1,0
0,0,0,0,1,0,0
0,0,1,0,0,0,0
0,0,0,0,1,0,0
0,0,1,0,0,0,0
0,0,1,0,0,0,0
0,0,0,0,1,0,0
0,0,0,0,1,0,0
0,0,1,0,0,0,0
0,0,0,0,1,0,0
0,0,1,0,0,0,0
0,0,0,0,1,0,0
0,0,0,0,1,0,0
0,0,1,0,0,0,0
0,0,0,0,1,0,0
0,0,0,1,0,0,0
0,0,0,0,0,0,1
0,0,1,0,0,0,0
0,0,1,0,0,0,0
0,0,0,0,1,0,0
0,0,0,0,1,0,0
1,0,0,0,0,0,0
0,0,0,0,1,0,0
0,0,0,0,1,0,0
0,0,1,0,0,0,0
0,0,1,0,0,0,0
0,0,0,0,1,0,0
0,0,1,0,0,0,0
0,0,0,0,1,0,0
0,0,1,0,0,0,0
0,0,1,0,0,0,0
0,0,1,0,0,0,0
0,0,1,0,0,0,0
1,0,0,0,0,0,0
1,0,0,0,0,0,0
0,0,1,0,0,0,0
0,0,1,0,0,0,0
0,0,1,0,0,0,0
0,0,1,0,0,0,0
1,0,0,0,0,0,0
0,0,1,0,0,0,0
0,0,1,0,0,0,0
0,0,0,0,1,0,0
0,0,0,0,0,0,1
0,0,1,0,0,0,0
0,0,0,0,0,0,1
0,0,1,0,0,0,0
0,0,0,0,1,0,0
0,0,1,0,0,0,0
0,0,0,0,1,0,0
0,0,0,0,1,0,0
1,0,0,0,0,0,0
0,0,0,0,1,0,0
0,0,0,0,1,0,0
0,0,1,0,0,0,0
0,0,1,0,0,0,0
0,0,0,0,0,1,0
0,0,1,0,0,0,0
0,0,0,0,1,0,0
0,0,1,0,0,0,0
0,0,0,1,0,0,0
0,0,0,0,1,0,0
0,0,0,0,1,0,0
0,0,1,0,0,0,0
0,0,0,0,1,0,0
0,0,1,0,0,0,0
0,0,1,0,0,0,0
0,0,0,0,1,0,0
0,0,1,0,0,0,0
0,0,0,0,1,0,0
0,0,1,0,0,0,0
0,0,1,0,0,0,0
1,0,0,0,0,0,0
0,0,1,0,0,0,0
0,0,1,0,0,0,0
0,0,1,0,0,0,0
0,0,0,0,0,0,1
0,0,0,0,1,0,0
0,0,0,0,0,0,1
0,0,1,0,0,0,0
0,0,0,0,1,0,0
0,0,0,0,1,0,0
0,0,1,0,0,0,0
0,0,1,0,0,0,0
0,0,0,0,1,0,0
0,0,0,0,1,0,0
0,0,1,0,0,0,0
1,0,0,0,0,0,0
0,0,1,0,0,0,0
0,0,1,0,0,0,0
1,0,0,0,0,0,0
0,0,0,0,1,0,0
0,0,1,0,0,0,0
0,0,1,0,0,0,0
0,0,0,1,0,0,0
0,0,0,0,1,0,0
0,0,0,0,1,0,0
0,0,0,1,0,0,0
0,0,1,0,0,0,0
0,0,1,0,0,0,0
0,0,1,0,0,0,0
1,0,0,0,0,0,0
1,0,0,0,0,0,0
0,0,1,0,0,0,0
0,0,0,0,1,0,0
0,0,0,0,0,0,1
0,0,0,0,1,0,0
0,0,0,0,1,0,0
0,0,1,0,0,0,0
0,0,0,0,1,0,0
0,0,1,0,0,0,0
0,0,0,0,1,0,0
0,0,1,0,0,0,0
0,0,0,0,1,0,0
1,0,0,0,0,0,0
0,0,0,1,0,0,0
0,0,1,0,0,0,0
0,0,1,0,0,0,0
0,0,1,0,0,0,0
0,0,0,0,1,0,0
0,0,1,0,0,0,0
0,0,1,0,0,0,0
0,0,1,0,0,0,0
0,0,0,0,0,1,0
0,0,0,0,1,0,0
1,0,0,0,0,0,0
0,0,1,0,0,0,0
0,0,1,0,0,0,0
0,0,1,0,0,0,0
1,0,0,0,0,0,0
0,0,1,0,0,0,0
0,0,0,0,1,0,0
0,0,0,0,1,0,0
0,0,1,0,0,0,0
0,0,1,0,0,0,0
0,0,1,0,0,0,0
1,0,0,0,0,0,0
0,0,1,0,0,0,0
0,0,1,0,0,0,0
0,0,1,0,0,0,0
0,0,0,0,1,0,0
0,0,1,0,0,0,0
0,0,1,0,0,0,0
1,0,0,0,0,0,0
0,0,0,0,1,0,0
0,0,1,0,0,0,0
1,0,0,0,0,0,0
0,0,0,0,1,0,0
0,0,1,0,0,0,0
1,0,0,0,0,0,0
0,0,1,0,0,0,0
0,0,1,0,0,0,0
0,0,1,0,0,0,0
0,0,0,0,1,0,0
0,0,0,0,1,0,0
1,0,0,0,0,0,0
0,0,1,0,0,0,0
0,0,1,0,0,0,0
0,0,1,0,0,0,0
0,0,0,0,1,0,0
0,0,0,0,0,0,1
0,0,0,0,1,0,0
0,0,1,0,0,0,0
0,0,0,0,1,0,0
0,0,0,0,1,0,0
0,0,1,0,0,0,0
0,0,0,1,0,0,0
0,0,0,0,1,0,0
0,0,1,0,0,0,0
0,0,1,0,0,0,0
0,0,0,1,0,0,0
0,0,1,0,0,0,0
0,0,1,0,0,0,0
0,0,1,0,0,0,0
0,0,1,0,0,0,0
0,0,1,0,0,0,0
0,0,0,0,1,0,0
0,0,1,0,0,0,0
0,0,1,0,0,0,0
0,0,1,0,0,0,0
0,0,1,0,0,0,0
0,0,1,0,0,0,0
0,0,1,0,0,0,0
1,0,0,0,0,0,0
0,0,1,0,0,0,0
0,0,0,0,1,0,0
0,0,0,0,1,0,0
0,0,0,0,0,0,1
0,0,0,0,1,0,0
0,0,1,0,0,0,0
0,0,0,0,1,0,0
0,0,1,0,0,0,0
0,0,1,0,0,0,0
0,0,1,0,0,0,0
0,0,1,0,0,0,0
0,0,1,0,0,0,0
0,0,0,0,1,0,0
0,0,0,0,0,1,0
0,0,1,0,0,0,0
1,0,0,0,0,0,0
0,0,1,0,0,0,0
0,0,0,0,1,0,0
0,0,1,0,0,0,0
0,0,1,0,0,0,0
0,0,1,0,0,0,0
0,0,0,0,1,0,0
0,0,1,0,0,0,0
0,0,1,0,0,0,0
0,0,0,0,1,0,0
0,0,0,0,1,0,0
0,0,0,0,1,0,0
0,0,1,0,0,0,0
0,0,1,0,0,0,0
0,0,1,0,0,0,0
0,0,0,1,0,0,0
0,0,0,0,1,0,0
0,0,1,0,0,0,0
0,0,0,0,1,0,0
0,0,0,0,1,0,0
1,0,0,0,0,0,0
0,0,1,0,0,0,0
1,0,0,0,0,0,0
1,0,0,0,0,0,0
0,0,0,1,0,0,0
0,0,1,0,0,0,0
0,0,1,0,0,0,0
0,0,0,0,1,0,0
0,0,0,0,1,0,0
0,0,1,0,0,0,0
1,0,0,0,0,0,0
1,0,0,0,0,0,0
0,0,1,0,0,0,0
0,0,1,0,0,0,0
0,0,1,0,0,0,0
0,0,1,0,0,0,0
0,0,1,0,0,0,0
0,0,0,0,1,0,0
0,0,0,0,1,0,0
0,0,1,0,0,0,0
0,0,1,0,0,0,0
0,0,1,0,0,0,0
0,0,1,0,0,0,0
1,0,0,0,0,0,0
1,0,0,0,0,0,0
0,0,1,0,0,0,0
1,0,0,0,0,0,0
0,0,0,0,1,0,0
0,0,0,0,1,0,0
0,0,1,0,0,0,0
0,0,0,1,0,0,0
0,0,0,0,1,0,0
0,0,1,0,0,0,0
0,0,1,0,0,0,0
0,0,0,0,1,0,0
0,0,1,0,0,0,0
0,0,1,0,0,0,0
0,0,0,0,0,1,0
1,0,0,0,0,0,0
0,0,1,0,0,0,0
0,0,1,0,0,0,0
0,0,1,0,0,0,0
0,0,0,0,1,0,0
0,0,0,0,1,0,0
0,0,1,0,0,0,0
0,0,1,0,0,0,0
0,0,0,0,1,0,0
0,0,0,0,1,0,0
1,0,0,0,0,0,0
0,0,0,0,1,0,0
0,0,1,0,0,0,0
0,0,1,0,0,0,0
0,0,0,0,1,0,0
0,0,1,0,0,0,0
0,0,1,0,0,0,0
0,0,0,0,1,0,0
0,0,0,0,1,0,0
1,0,0,0,0,0,0
0,0,0,0,1,0,0
0,0,1,0,0,0,0
0,0,1,0,0,0,0
1,0,0,0,0,0,0
0,0,1,0,0,0,0
1,0,0,0,0,0,0
0,0,0,0,1,0,0
0,0,0,0,1,0,0
0,0,0,0,1,0,0
1,0,0,0,0,0,0
0,0,1,0,0,0,0
0,0,1,0,0,0,0
0,0,1,0,0,0,0
0,0,1,0,0,0,0
0,0,0,0,1,0,0
0,0,1,0,0,0,0
0,0,0,0,1,0,0
0,0,0,0,1,0,0
0,0,0,0,1,0,0
0,0,1,0,0,0,0
0,0,1,0,0,0,0
0,0,1,0,0,0,0
0,0,0,0,0,0,1
1,0,0,0,0,0,0
0,0,1,0,0,0,0
0,0,0,0,1,0,0
0,0,0,0,1,0,0
0,0,1,0,0,0,0
0,0,1,0,0,0,0
0,0,0,0,0,0,1
0,0,1,0,0,0,0
0,0,0,0,1,0,0
